model_name,feature_set,accuracy,log_loss,mean_abs_class_error,mean_abs_xrv_error,best_early_stopping_val_loss
PyTorch_HybridCE_SharpSoftCE_Distance,Set A,0.49665271966527197,1.4758579214230296,1.2334728033472804,0.138367769874477,1.6177928447723389
PyTorch_HardCE_plus_ExpectedDistance,Set A,0.5,1.4762581036967215,1.2330543933054394,0.1389200711297071,1.5198485851287842
PyTorch_HardCE_plus_ExpectedDistance,Set B,0.5033472803347281,1.4831810667707264,1.2338912133891213,0.13918366945606694,1.5260629653930664
PyTorch_HardCE_plus_ExpectedDistance,Set C,0.497907949790795,1.4848666117272489,1.2288702928870292,0.13706442259414228,1.5278764963150024
PyTorch_HybridCE_SharpSoftCE_Distance,Set B,0.49874476987447697,1.48673016599921,1.2343096234309623,0.13835312552301257,1.6278470754623413
PyTorch_HybridCE_SharpSoftCE_Distance,Set C,0.503765690376569,1.4868268713655082,1.2364016736401673,0.13897237238493723,1.6291828155517578
PyTorch_SoftLabelCE,Set C,0.3903765690376569,1.951122051886561,1.284518828451883,0.14002065690376567,2.0546181201934814
PyTorch_SoftLabelCE,Set A,0.35397489539748955,1.956859364092318,1.297907949790795,0.14057279079497906,2.0522773265838623
PyTorch_SoftLabelCE,Set B,0.3857740585774059,1.957745319512436,1.2711297071129708,0.13926358577405856,2.0537948608398438
