PitchNo,Date,Time,PAofInning,PitchofPA,Pitcher,PitcherId,PitcherThrows,PitcherTeam,Batter,BatterId,BatterSide,BatterTeam,PitcherSet,Inning,Top/Bottom,Outs,Balls,Strikes,TaggedPitchType,AutoPitchType,PitchCall,KorBB,TaggedHitType,PlayResult,OutsOnPlay,RunsScored,xRV Of Event (Count Ind),xRV of Event (Count Dep),RelSpeed,VertRelAngle,HorzRelAngle,SpinRate,SpinAxis,Tilt,RelHeight,RelSide,Extension,VertBreak,InducedVertBreak,HorzBreak,PlateLocHeight,PlateLocSide,ZoneSpeed,VertApprAngle,HorzApprAngle,ZoneTime,ExitSpeed,Angle,Direction,HitSpinRate,PositionAt110X,PositionAt110Y,PositionAt110Z,Distance,LastTrackedDistance,Bearing,HangTime,pfxx,pfxz,x0,y0,z0,vx0,vy0,vz0,ax0,ay0,az0,HomeTeam,AwayTeam,Stadium,Level,League,GameID,PitchUID,EffectiveVelo,SpeedDrop,PitchLastMeasuredX,PitchLastMeasuredY,PitchLastMeasuredZ,MaxHeight,MeasuredDuration,ContactPositionX,ContactPositionY,ContactPositionZ,UTCDate,UTCTime,LocalDateTime,UTCDateTime,AutoHitType,System,HomeTeamForeignID,AwayTeamForeignID,GameForeignID,Catcher,CatcherId,CatcherThrows,CatcherTeam,GameUID,PitchTrajectoryXc0,PitchTrajectoryXc1,PitchTrajectoryXc2,PitchTrajectoryYc0,PitchTrajectoryYc1,PitchTrajectoryYc2,PitchTrajectoryZc0,PitchTrajectoryZc1,PitchTrajectoryZc2,HitSpinAxis,HitTrajectoryXc0,HitTrajectoryXc1,HitTrajectoryXc2,HitTrajectoryXc3,HitTrajectoryXc4,HitTrajectoryXc5,HitTrajectoryXc6,HitTrajectoryXc7,HitTrajectoryXc8,HitTrajectoryYc0,HitTrajectoryYc1,HitTrajectoryYc2,HitTrajectoryYc3,HitTrajectoryYc4,HitTrajectoryYc5,HitTrajectoryYc6,HitTrajectoryYc7,HitTrajectoryYc8,HitTrajectoryZc0,HitTrajectoryZc1,HitTrajectoryZc2,HitTrajectoryZc3,HitTrajectoryZc4,HitTrajectoryZc5,HitTrajectoryZc6,HitTrajectoryZc7,HitTrajectoryZc8,ThrowSpeed,PopTime,ExchangeTime,TimeToBase,CatchPositionX,CatchPositionY,CatchPositionZ,ThrowPositionX,ThrowPositionY,ThrowPositionZ,BasePositionX,BasePositionY,BasePositionZ,ThrowTrajectoryXc0,ThrowTrajectoryXc1,ThrowTrajectoryXc2,ThrowTrajectoryYc0,ThrowTrajectoryYc1,ThrowTrajectoryYc2,ThrowTrajectoryZc0,ThrowTrajectoryZc1,ThrowTrajectoryZc2,PitchReleaseConfidence,PitchLocationConfidence,PitchMovementConfidence,HitLaunchConfidence,HitLandingConfidence,CatcherThrowCatchConfidence,CatcherThrowReleaseConfidence,CatcherThrowLocationConfidence,PlayID,SpinAxis3dTransverseAngle,SpinAxis3dLongitudinalAngle,SpinAxis3dActiveSpinRate,SpinAxis3dSpinEfficiency,SpinAxis3dTilt,SpinAxis3dVectorX,SpinAxis3dVectorY,SpinAxis3dVectorZ,SpinAxis3dSeamOrientationRotationX,SpinAxis3dSeamOrientationRotationY,SpinAxis3dSeamOrientationRotationZ,SpinAxis3dSeamOrientationBallAngleHorizontalAmb1,SpinAxis3dSeamOrientationBallAngleVerticalAmb1,SpinAxis3dSeamOrientationBallXAmb1,SpinAxis3dSeamOrientationBallYAmb1,SpinAxis3dSeamOrientationBallZAmb1,SpinAxis3dSeamOrientationBallAngleHorizontalAmb2,SpinAxis3dSeamOrientationBallAngleVerticalAmb2,SpinAxis3dSeamOrientationBallXAmb2,SpinAxis3dSeamOrientationBallYAmb2,SpinAxis3dSeamOrientationBallZAmb2,SpinAxis3dSeamOrientationBallAngleHorizontalAmb3,SpinAxis3dSeamOrientationBallAngleVerticalAmb3,SpinAxis3dSeamOrientationBallXAmb3,SpinAxis3dSeamOrientationBallYAmb3,SpinAxis3dSeamOrientationBallZAmb3,SpinAxis3dSeamOrientationBallAngleHorizontalAmb4,SpinAxis3dSeamOrientationBallAngleVerticalAmb4,SpinAxis3dSeamOrientationBallXAmb4,SpinAxis3dSeamOrientationBallYAmb4,SpinAxis3dSeamOrientationBallZAmb4,In Zone,Swing,Hit,In Shadow Zone,In Heart
1,2/7/25,56:22.2,1.0,1.0,,100000000000.0,Right,LSU_TIG,,100000000000.0,Left,CEN_ARK,Undefined,1.0,Top,0.0,0.0,0.0,Dropball,,BallCalled,Undefined,Undefined,Undefined,0.0,0.0,0.055,0.034661478,66.46467,4.287746,0.479452,1395.206916,356.782184,6:00,2.10121,0.8192,5.19629,-40.31427,-10.74875,0.65374,1.46993,1.17817,60.97007,-6.49354,0.650881,0.391349,,,,,,,,,,,,-0.50669,-12.37516,-0.72094,50.0,0.90227,-0.7606,-99.78159,12.48685,-0.49289,21.30739,-44.212,LSU_TIG,CEN_ARK,LSUSoftball,D1,SEC,20250207-LSUSoftball-2,83dd9ed0-e5b7-11ef-a81c-f96fdfcd56f7,96.31413,5.4946,,,,,,,,,2/8/25,56:22.2,2025-02-07T18:56:22.1697694-06:00,2025-02-08T00:56:22.1697694Z,,v3,,,,,100000000000.0,Right,LSU_TIG,f4413faa-fbfa-4951-ad28-6cb2d8aa1683,37.80194,-97.1419,10.6537,2.10994,7.00959,-22.106,-0.81894,-0.82166,-0.24645,,,,,,,,,,,,,,,,,,,,,,,,,,,,,,,,,,,,,,,,,,,,,,,,,,,High,High,High,,,,,,8fe72229-72e3-40ef-81fe-daccd22daee8,,,,,,,,,,,,,,,,,,,,,,,,,,,,,,,,0.0,0.0,0.0,0.0,0.0
2,2/7/25,56:38.8,1.0,2.0,,100000000000.0,Right,LSU_TIG,,100000000000.0,Left,CEN_ARK,Undefined,1.0,Top,0.0,1.0,0.0,Riseball,,InPlay,Undefined,FlyBall,Out,1.0,0.0,-0.375,-0.291142596,58.8377,4.369411,-0.248142,2224.222988,190.437508,12:15,2.11241,0.7533,5.35243,-23.62604,14.07713,2.37788,2.91198,0.79454,53.39935,-2.166122,0.377275,0.441937,51.02917,37.186854,-28.312019,2699.635491,,,,136.71198,120.68402,-37.85802,2.911606,-2.68603,14.00457,-0.82268,50.0,0.96212,0.63804,-88.39286,9.64044,-2.031,17.78636,-21.58464,LSU_TIG,CEN_ARK,LSUSoftball,D1,SEC,20250207-LSUSoftball-2,8dbe75a0-e5b7-11ef-a81c-f96fdfcd56f7,85.28916,5.43835,,,,33.38818,,3.76636,3.08303,-0.77183,2/8/25,56:38.7,2025-02-07T18:56:38.7567774-06:00,2025-02-08T00:56:38.7567774Z,,v3,,,,,100000000000.0,Right,LSU_TIG,f4413faa-fbfa-4951-ad28-6cb2d8aa1683,37.64257,-85.87031,8.89318,2.11229,6.5792,-10.79232,-0.75262,0.34999,-1.0155,138.364859,3.76617,52.50084,-10.21734,2.60964,-0.73179,0.27786,-0.0939,0.01842,-0.00145,3.08324,45.22772,-18.07164,0.96368,0.02936,-0.11544,0.04356,-0.00612,0.00019,-0.77186,-28.27693,-0.50365,0.30383,-0.1253,0.04795,-0.01387,0.00249,-0.0002,,,,,,,,,,,,,,,,,,,,,,,High,High,High,High,Medium,,,,b06f3a6d-e4ba-4e0f-aab5-98ed98abfe8d,,,,,,,,,,,,,,,,,,,,,,,,,,,,,,,,0.0,1.0,0.0,1.0,0.0
3,2/7/25,57:10.8,2.0,1.0,,100000000000.0,Right,LSU_TIG,,100000000000.0,Left,CEN_ARK,Undefined,1.0,Top,1.0,0.0,0.0,Dropball,,BallCalled,Undefined,Undefined,Undefined,0.0,0.0,0.055,0.034661478,66.74737,3.65057,1.656778,1441.993105,5.470494,6:15,2.01279,0.86714,4.9374,-41.56986,-11.76406,-1.21417,0.88767,1.82592,61.17621,-7.383326,1.340499,0.392936,,,,,,,,,,,,1.92181,-13.14682,-0.51519,50.0,0.97536,-3.03421,-100.2651,11.38542,1.87995,22.10241,-45.03443,LSU_TIG,CEN_ARK,LSUSoftball,D1,SEC,20250207-LSUSoftball-2,a0d9aa10-e5b7-11ef-a81c-f96fdfcd56f7,95.92511,5.57117,,,,,,,,,2/8/25,57:10.8,2025-02-07T18:57:10.8081310-06:00,2025-02-08T00:57:10.8081310Z,,v3,,,,,100000000000.0,Right,LSU_TIG,f4413faa-fbfa-4951-ad28-6cb2d8aa1683,38.06102,-97.59779,11.0512,2.02142,5.9507,-22.51722,-0.86767,-2.80734,0.93998,,,,,,,,,,,,,,,,,,,,,,,,,,,,,,,,,,,,,,,,,,,,,,,,,,,High,High,High,,,,,,13fa3ea9-1e25-4bce-a1b2-bc9072035e20,,,,,,,,,,,,,,,,,,,,,,,,,,,,,,,,0.0,0.0,0.0,0.0,0.0
4,2/7/25,57:31.2,2.0,2.0,,100000000000.0,Right,LSU_TIG,,100000000000.0,Left,CEN_ARK,Undefined,1.0,Top,1.0,1.0,0.0,Riseball,,StrikeSwinging,Undefined,Undefined,Undefined,0.0,0.0,-0.12,-0.050102428,57.98937,3.053689,0.113457,2179.038673,182.125796,12:00,2.08325,0.72303,5.17737,-23.17234,15.93217,0.54539,2.0944,0.84058,52.72376,-3.343891,0.256287,0.450075,,,,,,,,,,,,-0.52614,16.37914,-0.70193,50.0,1.23372,-0.11964,-87.08437,7.40871,-0.38729,16.94684,-20.11784,LSU_TIG,CEN_ARK,LSUSoftball,D1,SEC,20250207-LSUSoftball-2,ad0a8b60-e5b7-11ef-a81c-f96fdfcd56f7,83.74703,5.26561,,,,,,,,,2/8/25,57:31.2,2025-02-07T18:57:31.1820000-06:00,2025-02-08T00:57:31.1820000Z,,v3,,,,,100000000000.0,Right,LSU_TIG,f4413faa-fbfa-4951-ad28-6cb2d8aa1683,37.81367,-84.67967,8.47342,2.08246,4.55407,-10.05892,-0.7228,-0.1746,-0.19365,,,,,,,,,,,,,,,,,,,,,,,,,,,,,,,,,,,,,,,,,,,,,,,,,,,High,High,High,,,,,,e1947fe7-09ae-49d1-a563-7a34c9bb0377,,,,,,,,,,,,,,,,,,,,,,,,,,,,,,,,0.0,1.0,0.0,1.0,0.0
5,2/7/25,57:48.2,2.0,3.0,,100000000000.0,Right,LSU_TIG,,100000000000.0,Left,CEN_ARK,Undefined,1.0,Top,1.0,1.0,1.0,Dropball,,BallCalled,Undefined,Undefined,Undefined,0.0,0.0,0.055,0.04675563,67.67936,4.166673,-0.785026,1407.09284,359.927398,6:00,2.03965,0.69024,5.0016,-39.95593,-11.09516,0.01516,1.37526,0.19025,61.98855,-6.462878,-0.78107,0.386656,,,,,,,,,,,,-0.32012,-12.67914,-0.85477,50.0,0.89534,1.39387,-101.60115,12.31752,-0.3223,22.35425,-44.93906,LSU_TIG,CEN_ARK,LSUSoftball,D1,SEC,20250207-LSUSoftball-2,b7290770-e5b7-11ef-a81c-f96fdfcd56f7,97.48304,5.69081,,,,,,,,,2/8/25,57:48.2,2025-02-07T18:57:48.2430622-06:00,2025-02-08T00:57:48.2430622Z,,v3,,,,,100000000000.0,Right,LSU_TIG,f4413faa-fbfa-4951-ad28-6cb2d8aa1683,37.9966,-98.92492,11.17712,2.04794,6.93745,-22.46953,-0.69021,1.35529,-0.16115,,,,,,,,,,,,,,,,,,,,,,,,,,,,,,,,,,,,,,,,,,,,,,,,,,,High,High,High,,,,,,95fee621-aee6-44e9-90a2-6756bc734898,,,,,,,,,,,,,,,,,,,,,,,,,,,,,,,,0.0,0.0,0.0,1.0,0.0
6,2/7/25,58:04.9,2.0,4.0,,100000000000.0,Right,LSU_TIG,,100000000000.0,Left,CEN_ARK,Undefined,1.0,Top,1.0,2.0,1.0,Dropball,,StrikeSwinging,Undefined,Undefined,Undefined,0.0,0.0,-0.12,-0.071124004,67.65717,5.956501,-0.142131,1412.755651,355.666528,5:45,2.07467,0.78574,5.36739,-40.06719,-11.76701,0.95406,2.51442,0.77541,61.95328,-4.78623,0.108756,0.382883,,,,,,,,,,,,-1.06697,-14.1215,-0.82218,50.0,0.49114,0.36431,-101.2742,15.74201,-1.07438,21.22831,-46.3938,LSU_TIG,CEN_ARK,LSUSoftball,D1,SEC,20250207-LSUSoftball-2,c118d260-e5b7-11ef-a81c-f96fdfcd56f7,98.44379,5.70389,,,,,,,,,2/8/25,58:04.9,2025-02-07T18:58:04.9255070-06:00,2025-02-08T00:58:04.9255070Z,,v3,,,,,100000000000.0,Right,LSU_TIG,f4413faa-fbfa-4951-ad28-6cb2d8aa1683,37.63137,-98.64752,10.61415,2.08382,10.00149,-23.1969,-0.78532,0.23137,-0.53719,,,,,,,,,,,,,,,,,,,,,,,,,,,,,,,,,,,,,,,,,,,,,,,,,,,High,High,High,,,,,,1cb406df-935c-437a-9678-e6a0433179fe,,,,,,,,,,,,,,,,,,,,,,,,,,,,,,,,0.0,1.0,0.0,1.0,0.0
7,2/7/25,58:23.9,2.0,5.0,,100000000000.0,Right,LSU_TIG,,100000000000.0,Left,CEN_ARK,Undefined,1.0,Top,1.0,2.0,2.0,Riseball,,InPlay,Undefined,FlyBall,Out,1.0,0.0,-0.375,-0.215712918,58.37018,4.677287,0.02145,2237.294164,184.246439,12:15,2.07664,0.77373,5.4253,-22.85411,15.3904,1.05398,3.13045,0.8751,52.86519,-1.677046,0.299174,0.445098,58.94653,41.80959,0.878417,,108.9228,49.50879,-15.35589,162.06861,157.60245,-10.531745,3.866836,-1.13047,15.32639,-0.77592,50.0,0.85407,0.07801,-87.65977,9.98861,-0.83963,17.62726,-20.7906,LSU_TIG,CEN_ARK,LSUSoftball,D1,SEC,20250207-LSUSoftball-2,cc6c24f0-e5b7-11ef-a81c-f96fdfcd56f7,84.68341,5.50499,,,,53.44361,,2.22781,3.25059,-0.85019,2/8/25,58:23.9,2025-02-07T18:58:23.9201950-06:00,2025-02-08T00:58:23.9201950Z,,v3,,,,,100000000000.0,Right,LSU_TIG,f4413faa-fbfa-4951-ad28-6cb2d8aa1683,37.56846,-85.12324,8.81363,2.07616,6.99689,-10.3953,-0.77339,-0.04281,-0.41982,153.285255,2.22905,64.39536,-14.13947,3.58134,-0.37634,-0.13128,0.06503,-0.0108,0.00065,3.24968,57.65846,-18.16771,1.03881,-0.05524,-0.05105,0.0351,-0.00849,0.00069,-0.84981,0.97597,-5.6176,1.66622,-0.26159,-0.01977,0.02069,-0.00399,0.00026,,,,,,,,,,,,,,,,,,,,,,,High,High,High,High,High,,,,6cfefe78-59ec-4c15-b714-187904fd568b,,,,,,,,,,,,,,,,,,,,,,,,,,,,,,,,0.0,1.0,0.0,1.0,0.0
8,2/7/25,58:56.1,3.0,1.0,,100000000000.0,Right,LSU_TIG,,100000000000.0,Left,CEN_ARK,Undefined,1.0,Top,2.0,0.0,0.0,Dropball,,BallCalled,Undefined,Undefined,Undefined,0.0,0.0,0.055,0.034661478,66.59488,2.924712,1.047593,1349.651343,10.361373,6:15,2.00013,0.74411,5.07481,-40.99577,-11.27048,-2.23,0.44937,1.22588,61.04068,-8.002726,0.463734,0.392405,,,,,,,,,,,,2.77366,-12.48351,-0.51052,50.0,1.10179,-2.08407,-100.22161,10.12796,2.70136,22.58808,-44.33219,LSU_TIG,CEN_ARK,LSUSoftball,D1,SEC,20250207-LSUSoftball-2,df987060-e5b7-11ef-a81c-f96fdfcd56f7,96.055,5.55419,,,,,,,,,2/8/25,58:56.1,2025-02-07T18:58:56.0990366-06:00,2025-02-08T00:58:56.0990366Z,,v3,,,,,100000000000.0,Right,LSU_TIG,f4413faa-fbfa-4951-ad28-6cb2d8aa1683,37.92338,-97.46177,11.29404,2.00834,4.71139,-22.1661,-0.745,-1.75401,1.35068,,,,,,,,,,,,,,,,,,,,,,,,,,,,,,,,,,,,,,,,,,,,,,,,,,,High,High,High,,,,,,c477c198-b6d2-4b21-af34-a52d662188bf,,,,,,,,,,,,,,,,,,,,,,,,,,,,,,,,0.0,0.0,0.0,0.0,0.0
9,2/7/25,59:14.2,3.0,2.0,,100000000000.0,Right,LSU_TIG,,100000000000.0,Left,CEN_ARK,Undefined,1.0,Top,2.0,1.0,0.0,Riseball,,InPlay,Undefined,GroundBall,Out,1.0,0.0,-0.375,-0.291142596,57.94748,3.970029,0.21652,2256.61635,175.364591,11:45,2.08362,0.80895,5.34547,-22.15273,16.7969,-1.26165,2.75254,0.84075,52.48861,-2.196662,-0.115336,0.449183,52.62558,-13.644409,29.671389,,,,,11.62435,11.48024,21.234213,0.134362,1.44433,17.05761,-0.75441,50.0,1.02783,-0.45834,-87.09068,8.74593,1.05786,17.50242,-19.68071,LSU_TIG,CEN_ARK,LSUSoftball,D1,SEC,20250207-LSUSoftball-2,ea681400-e5b7-11ef-a81c-f96fdfcd56f7,83.91339,5.45887,,,,2.68466,,2.18024,2.68466,-0.91842,2/8/25,59:14.2,2025-02-07T18:59:14.1878430-06:00,2025-02-08T00:59:14.1878430Z,,v3,,,,,100000000000.0,Right,LSU_TIG,f4413faa-fbfa-4951-ad28-6cb2d8aa1683,37.64771,-84.57184,8.75121,2.08269,5.91361,-9.84035,-0.80942,-0.3061,0.52893,263.365121,2.18018,65.17665,-5.66301,,,,,,,2.6847,-18.21177,-13.17134,,,,,,,-0.91842,37.13002,7.73754,,,,,,,,,,,,,,,,,,,,,,,,,,,,,High,High,High,High,High,,,,2c1a273e-af72-4e12-b0d0-e7252bfc29c5,,,,,,,,,,,,,,,,,,,,,,,,,,,,,,,,0.0,1.0,0.0,1.0,0.0
10,2/7/25,01:31.5,1.0,1.0,,100000000000.0,Right,CEN_ARK,,100000000000.0,Left,LSU_TIG,Undefined,1.0,Bottom,0.0,0.0,0.0,Screwball,,BallCalled,Undefined,Undefined,Undefined,0.0,0.0,0.055,0.034661478,65.67333,3.952525,1.283224,,340.163308,5:15,1.6238,0.48928,5.22476,-30.44407,-0.20248,0.39646,1.5996,1.33677,60.10733,-4.262576,1.387141,0.395798,,,,,,,,,,,,0.06472,-1.08784,-0.21779,50.0,0.54823,-2.16125,-98.48936,10.67363,0.06143,20.52382,-33.20676,LSU_TIG,CEN_ARK,LSUSoftball,D1,SEC,20250207-LSUSoftball-2,3c3a1f80-e5b8-11ef-a81c-f96fdfcd56f7,95.2315,5.566,,,,,,,,,2/8/25,01:31.5,2025-02-07T19:01:31.4930000-06:00,2025-02-08T01:01:31.4930000Z,,v3,,,,,100000000000.0,Right,CEN_ARK,f4413faa-fbfa-4951-ad28-6cb2d8aa1683,37.77039,-95.90702,10.26191,1.62835,6.49551,-16.60338,-0.48924,-2.15352,0.03071,,,,,,,,,,,,,,,,,,,,,,,,,,,,,,,,,,,,,,,,,,,,,,,,,,,High,High,High,,,,,,c927818e-9674-4031-8a1f-b953864b535d,,,,,,,,,,,,,,,,,,,,,,,,,,,,,,,,0.0,0.0,0.0,0.0,0.0
11,2/7/25,01:48.0,1.0,2.0,,100000000000.0,Right,CEN_ARK,,100000000000.0,Left,LSU_TIG,Undefined,1.0,Bottom,0.0,1.0,0.0,Fastball,,BallCalled,Undefined,Undefined,Undefined,0.0,0.0,0.055,0.059995278,67.64698,6.69543,-0.069889,1261.483636,41.073028,7:15,1.70351,0.487,4.7753,-34.6197,-5.24559,-5.32229,3.13953,-0.00142,61.67882,-2.469635,-1.445574,0.39008,,,,,,,,,,,,5.43882,-7.1952,-0.47478,50.0,0.0951,-0.446,-100.87906,15.99557,5.44211,20.84289,-39.3736,LSU_TIG,CEN_ARK,LSUSoftball,D1,SEC,20250207-LSUSoftball-2,46179af0-e5b8-11ef-a81c-f96fdfcd56f7,96.6274,5.96816,,,,,,,,,2/8/25,01:48.0,2025-02-07T19:01:48.0300000-06:00,2025-02-08T01:01:48.0300000Z,,v3,,,,,100000000000.0,Right,CEN_ARK,f4413faa-fbfa-4951-ad28-6cb2d8aa1683,38.22094,-98.41528,10.42145,1.71081,11.34131,-19.6868,-0.48948,0.1973,2.72106,,,,,,,,,,,,,,,,,,,,,,,,,,,,,,,,,,,,,,,,,,,,,,,,,,,High,High,High,,,,,,a8ab767d-b2d2-4751-aed4-7dfb2831ab6b,,,,,,,,,,,,,,,,,,,,,,,,,,,,,,,,1.0,0.0,0.0,1.0,1.0
12,2/7/25,02:05.8,1.0,3.0,,100000000000.0,Right,CEN_ARK,,100000000000.0,Left,LSU_TIG,Undefined,1.0,Bottom,0.0,2.0,0.0,Dropball,,StrikeCalled,Undefined,Undefined,Undefined,0.0,0.0,-0.06,-0.060724975,67.57988,4.957507,0.711263,1177.200757,31.558575,7:00,1.672,0.47307,5.17614,-34.45608,-5.90977,-4.12634,1.95893,0.58119,62.05346,-4.268588,-0.368801,0.384544,,,,,,,,,,,,4.60811,-7.43107,-0.29779,50.0,0.36551,-1.73545,-101.15377,13.18864,4.64573,20.64551,-39.6658,LSU_TIG,CEN_ARK,LSUSoftball,D1,SEC,20250207-LSUSoftball-2,50a7eba0-e5b8-11ef-a81c-f96fdfcd56f7,98.0185,5.52642,,,,,,,,,2/8/25,02:05.8,2025-02-07T19:02:05.7930000-06:00,2025-02-08T01:02:05.7930000Z,,v3,,,,,100000000000.0,Right,CEN_ARK,f4413faa-fbfa-4951-ad28-6cb2d8aa1683,37.82089,-98.63669,10.32276,1.67865,8.35263,-19.8329,-0.47484,-1.16905,2.32287,,,,,,,,,,,,,,,,,,,,,,,,,,,,,,,,,,,,,,,,,,,,,,,,,,,High,High,High,,,,,,9f6c9fd9-f7aa-4cc7-8544-a209c2fca145,,,,,,,,,,,,,,,,,,,,,,,,,,,,,,,,1.0,0.0,0.0,1.0,0.0
13,2/7/25,02:23.9,1.0,4.0,,100000000000.0,Right,CEN_ARK,,100000000000.0,Left,LSU_TIG,Undefined,1.0,Bottom,0.0,2.0,1.0,Changeup,,InPlay,Undefined,GroundBall,Out,1.0,0.0,-0.375,-0.291112684,50.30493,7.722001,-0.129542,1038.752668,40.018172,7:15,1.70194,0.41742,5.6557,-55.3672,-4.57662,-5.07303,1.9597,-0.08656,46.11076,-7.293743,-1.470769,0.512936,63.40501,-14.361706,12.774687,,,,,12.07565,12.0222,9.080936,0.093164,5.55949,-7.35091,-0.40895,50.0,-0.48806,-0.31985,-75.08741,15.94504,3.0714,11.82846,-36.23514,LSU_TIG,CEN_ARK,LSUSoftball,D1,SEC,20250207-LSUSoftball-2,5b7ff3b0-e5b8-11ef-a81c-f96fdfcd56f7,73.48375,4.19417,,,,2.15681,,3.70919,2.15681,0.04328,2/8/25,02:23.9,2025-02-07T19:02:23.8990000-06:00,2025-02-08T01:02:23.8990000Z,,v3,,,,,100000000000.0,Right,CEN_ARK,f4413faa-fbfa-4951-ad28-6cb2d8aa1683,37.343,-73.06637,5.91423,1.70743,9.7538,-18.11757,-0.41877,0.20494,1.5357,180.0,3.70437,88.17938,,,,,,,,2.15808,-23.15086,,,,,,,,0.04219,19.9929,,,,,,,,,,,,,,,,,,,,,,,,,,,,,,High,High,High,Medium,High,,,,763e46df-188e-4926-8cb2-26fc91931eec,,,,,,,,,,,,,,,,,,,,,,,,,,,,,,,,1.0,1.0,0.0,1.0,1.0
14,2/7/25,02:56.3,2.0,1.0,,100000000000.0,Right,CEN_ARK,,100000000000.0,Right,LSU_TIG,Undefined,1.0,Bottom,1.0,0.0,0.0,Screwball,,InPlay,Undefined,GroundBall,Out,1.0,0.0,-0.375,-0.252884042,66.05665,5.815147,1.006393,1603.901538,329.495604,5:00,1.70855,0.52418,5.27948,-29.41903,0.40484,0.25654,2.95487,1.1833,60.44677,-2.121002,1.073649,0.393055,35.4357,-36.058144,-45.442681,,,,,6.06053,4.5883,-40.987059,0.107053,0.08717,-1.19106,-0.31013,50.0,0.22516,-1.70397,-98.73198,13.89858,0.08365,19.80801,-33.3169,LSU_TIG,CEN_ARK,LSUSoftball,D1,SEC,20250207-LSUSoftball-2,6ec7b660-e5b8-11ef-a81c-f96fdfcd56f7,95.89607,5.60989,,,,3.33744,,1.35872,3.33744,-0.70883,2/8/25,02:56.3,2025-02-07T19:02:56.3160000-06:00,2025-02-08T01:02:56.3160000Z,,v3,,,,,100000000000.0,Right,CEN_ARK,f4413faa-fbfa-4951-ad28-6cb2d8aa1683,37.71685,-96.23614,9.904,1.71193,9.7006,-16.65845,-0.52417,-1.69343,0.04182,,1.34902,30.04234,,,,,,,,3.34751,-31.17581,,,,,,,,-0.69897,-30.51019,,,,,,,,,,,,,,,,,,,,,,,,,,,,,,High,High,High,Low,Low,,,,a714e199-a730-4ddb-8d4f-e0defbd300ce,,,,,,,,,,,,,,,,,,,,,,,,,,,,,,,,0.0,1.0,0.0,0.0,0.0
15,2/7/25,03:28.2,3.0,1.0,,100000000000.0,Right,CEN_ARK,,100000000000.0,Left,LSU_TIG,Undefined,1.0,Bottom,2.0,0.0,0.0,Screwball,,StrikeCalled,Undefined,Undefined,Undefined,0.0,0.0,-0.06,-0.038869499,66.71262,3.853675,0.846454,1520.843703,265.053201,2:45,1.66254,0.39811,5.35855,-28.21139,1.06819,1.60284,1.752,1.06688,60.62828,-3.816771,1.268261,0.389452,,,,,,,,,,,,-1.35268,0.24055,-0.22478,50.0,0.61176,-1.29779,-100.24495,10.43202,-1.31742,22.66442,-31.93975,LSU_TIG,CEN_ARK,LSUSoftball,D1,SEC,20250207-LSUSoftball-2,81c1a730-e5b8-11ef-a81c-f96fdfcd56f7,96.78325,6.08434,,,,,,,,,2/8/25,03:28.2,2025-02-07T19:03:28.1600000-06:00,2025-02-08T01:03:28.1600000Z,,v3,,,,,100000000000.0,Right,CEN_ARK,f4413faa-fbfa-4951-ad28-6cb2d8aa1683,37.63523,-97.40929,11.33221,1.66698,6.43588,-15.96988,-0.39747,-1.46262,-0.65871,,,,,,,,,,,,,,,,,,,,,,,,,,,,,,,,,,,,,,,,,,,,,,,,,,,High,High,High,,,,,,a6d3e463-344f-44b5-8df3-e54f33c4e4f8,,,,,,,,,,,,,,,,,,,,,,,,,,,,,,,,0.0,0.0,0.0,0.0,0.0
16,2/7/25,03:46.2,3.0,2.0,,100000000000.0,Right,CEN_ARK,,100000000000.0,Left,LSU_TIG,Undefined,1.0,Bottom,2.0,0.0,1.0,Riseball,,BallCalled,Undefined,Undefined,Undefined,0.0,0.0,0.055,0.025701174,66.20806,6.592158,0.650263,1708.837799,7.282387,6:15,1.68698,0.50561,5.02146,-29.3558,0.81933,-0.00299,3.46625,0.92033,60.51068,-1.264595,0.649483,0.395363,,,,,,,,,,,,0.23173,-0.84413,-0.36916,50.0,0.08234,-1.12032,-98.67972,15.07845,0.22278,19.36365,-32.98556,LSU_TIG,CEN_ARK,LSUSoftball,D1,SEC,20250207-LSUSoftball-2,8c853ce0-e5b8-11ef-a81c-f96fdfcd56f7,95.33628,5.69738,,,,,,,,,2/8/25,03:46.2,2025-02-07T19:03:46.1770000-06:00,2025-02-08T01:03:46.1770000Z,,v3,,,,,100000000000.0,Right,CEN_ARK,f4413faa-fbfa-4951-ad28-6cb2d8aa1683,37.97332,-96.29085,9.68182,1.69154,11.00905,-16.49278,-0.50568,-1.09283,0.11139,,,,,,,,,,,,,,,,,,,,,,,,,,,,,,,,,,,,,,,,,,,,,,,,,,,High,High,High,,,,,,c0779ed7-e530-4263-8969-7f3e2bf18c69,,,,,,,,,,,,,,,,,,,,,,,,,,,,,,,,0.0,0.0,0.0,1.0,0.0
17,2/7/25,04:04.4,3.0,3.0,,100000000000.0,Right,CEN_ARK,,100000000000.0,Left,LSU_TIG,Undefined,1.0,Bottom,2.0,1.0,1.0,Changeup,,InPlay,Undefined,GroundBall,Out,1.0,0.0,-0.375,-0.240500736,52.64855,6.758995,0.66069,1085.891968,48.999678,7:45,1.65829,0.3624,5.68103,-50.21337,-4.00429,-6.17126,1.72918,0.26214,48.21674,-6.892652,-0.973963,0.489255,,,,,,,,,,,,7.03697,-6.31248,-0.17229,50.0,-0.27124,-1.52473,-78.77851,14.79482,4.2678,13.26028,-36.00248,LSU_TIG,CEN_ARK,LSUSoftball,D1,SEC,20250207-LSUSoftball-2,9763ad90-e5b8-11ef-a81c-f96fdfcd56f7,77.0405,4.43182,,,,,,,,,2/8/25,04:04.4,2025-02-07T19:04:04.3858764-06:00,2025-02-08T01:04:04.3858764Z,,v3,,,,,100000000000.0,Right,CEN_ARK,f4413faa-fbfa-4951-ad28-6cb2d8aa1683,37.31706,-76.61393,6.63014,1.66416,8.91786,-18.00124,-0.36432,-0.82807,2.1339,,,,,,,,,,,,,,,,,,,,,,,,,,,,,,,,,,,,,,,,,,,,,,,,,,,High,High,High,,,,,,718adedc-763f-4763-9794-924f8ece080d,,,,,,,,,,,,,,,,,,,,,,,,,,,,,,,,1.0,1.0,0.0,1.0,0.0
18,2/7/25,06:37.7,1.0,1.0,,100000000000.0,Right,LSU_TIG,,100000000000.0,Left,CEN_ARK,Undefined,2.0,Top,0.0,0.0,0.0,Dropball,,StrikeCalled,Undefined,Undefined,Undefined,0.0,0.0,-0.06,-0.038869499,65.15455,6.319605,0.571545,1381.859236,2.894914,6:00,2.1401,0.87989,5.32047,-42.13833,-11.38146,-0.62276,2.64482,1.18974,59.41041,-4.97669,0.408063,0.399156,,,,,,,,,,,,0.875,-13.70717,-0.75347,50.0,0.47616,-1.04177,-97.52663,15.95089,0.8129,20.39525,-44.90814,LSU_TIG,CEN_ARK,LSUSoftball,D1,SEC,20250207-LSUSoftball-2,f2bd9a70-e5b8-11ef-a81c-f96fdfcd56f7,94.43042,5.74414,,,,,,,,,2/8/25,06:37.7,2025-02-07T19:06:37.6991564-06:00,2025-02-08T01:06:37.6991564Z,,v3,,,,,100000000000.0,Right,LSU_TIG,f4413faa-fbfa-4951-ad28-6cb2d8aa1683,37.67778,-94.91477,10.19763,2.15062,10.19985,-22.45407,-0.88021,-0.93767,0.40645,,,,,,,,,,,,,,,,,,,,,,,,,,,,,,,,,,,,,,,,,,,,,,,,,,,High,High,High,,,,,,14a72044-57cf-4ac4-82a1-c4c84d05fc4c,,,,,,,,,,,,,,,,,,,,,,,,,,,,,,,,0.0,0.0,0.0,0.0,0.0
19,2/7/25,06:53.6,1.0,2.0,,100000000000.0,Right,LSU_TIG,,100000000000.0,Left,CEN_ARK,Undefined,2.0,Top,0.0,0.0,1.0,Dropball,,FoulBallNotFieldable,Undefined,Undefined,Undefined,0.0,0.0,-0.03,-0.057805922,66.66263,5.342096,-2.058014,1433.65674,359.040727,6:00,2.07016,0.69436,5.02925,-42.34782,-12.34154,0.22299,1.96151,-0.60062,60.53605,-5.932445,-1.999967,0.394255,,,,,,,,,,,,-1.0835,-14.56745,-1.12785,50.0,0.66075,3.61832,-100.00699,14.44748,-1.04794,22.87323,-46.26352,LSU_TIG,CEN_ARK,LSUSoftball,D1,SEC,20250207-LSUSoftball-2,fc3db3a0-e5b8-11ef-a81c-f96fdfcd56f7,95.60414,6.12658,,,,,,,,,2/8/25,06:53.6,2025-02-07T19:06:53.6537420-06:00,2025-02-08T01:06:53.6537420Z,,v3,,,,,100000000000.0,Right,LSU_TIG,f4413faa-fbfa-4951-ad28-6cb2d8aa1683,37.96893,-97.21635,11.43662,2.07909,8.80313,-23.13176,-0.6942,3.49046,-0.52397,,,,,,,,,,,,,,,,,,,,,,,,,,,,,,,,,,,,,,,,,,,,,,,,,,,High,High,High,,,,,,56db99ac-03cf-41d2-adf8-7908150b16dd,,,,,,,,,,,,,,,,,,,,,,,,,,,,,,,,1.0,1.0,0.0,1.0,0.0
20,2/7/25,07:16.0,1.0,3.0,,100000000000.0,Right,LSU_TIG,,100000000000.0,Left,CEN_ARK,Undefined,2.0,Top,0.0,0.0,2.0,Changeup,,FoulBallNotFieldable,Undefined,Undefined,Undefined,0.0,0.0,-0.03,0.0,54.59668,5.757152,1.251352,1032.295883,34.605285,7:15,1.97712,0.63937,5.51923,-51.29857,-7.74126,-6.30744,1.33914,0.90153,49.78822,-8.128427,-0.414992,0.475009,52.04241,36.619858,-41.279438,3293.155673,70.39732,22.28593,-84.52309,139.57813,132.73017,-51.99947,2.98594,7.35441,-10.04634,-0.32474,50.0,0.31028,-2.4147,-81.9999,13.80428,4.77566,15.50677,-38.69774,LSU_TIG,CEN_ARK,LSUSoftball,D1,SEC,20250207-LSUSoftball-2,099847e0-e5b9-11ef-a81c-f96fdfcd56f7,79.35099,4.80846,,,,31.67771,,1.19999,1.35426,-0.88702,2/8/25,07:16.0,2025-02-07T19:07:15.9835468-06:00,2025-02-08T01:07:15.9835468Z,,v3,,,,,100000000000.0,Right,LSU_TIG,f4413faa-fbfa-4951-ad28-6cb2d8aa1683,37.47911,-79.5969,7.75339,1.98481,7.8075,-19.34887,-0.64159,-1.67464,2.38783,133.923112,1.20057,46.01541,-10.74442,2.49166,-0.14271,-0.21277,0.06482,0.00086,-0.00144,1.3543,45.52693,-18.75942,1.29098,0.11809,-0.27542,0.16229,-0.04111,0.00373,-0.88749,-40.396,1.02746,0.8884,-0.9178,0.60753,-0.24665,0.05132,-0.00417,,,,,,,,,,,,,,,,,,,,,,,High,High,High,High,Medium,,,,404f4880-d714-4ffa-a070-3de7ef3ae71c,,,,,,,,,,,,,,,,,,,,,,,,,,,,,,,,0.0,1.0,0.0,1.0,0.0
21,2/7/25,07:43.2,1.0,4.0,,100000000000.0,Right,LSU_TIG,,100000000000.0,Left,CEN_ARK,Undefined,2.0,Top,0.0,0.0,2.0,Dropball,,InPlay,Undefined,GroundBall,Out,1.0,0.0,-0.375,-0.163702841,67.51458,4.061519,-1.489598,1334.73069,6.70243,6:15,2.08248,0.71269,5.05829,-41.12514,-12.30119,-1.54433,1.24977,-0.36582,62.09579,-6.876124,-1.892975,0.38641,,,,,,,,,,,,1.07815,-14.113,-1.01691,50.0,0.93727,2.4537,-101.31467,12.35201,1.0835,21.65678,-46.35725,LSU_TIG,CEN_ARK,LSUSoftball,D1,SEC,20250207-LSUSoftball-2,19c0a220-e5b9-11ef-a81c-f96fdfcd56f7,97.54524,5.41879,,,,,,,,,2/8/25,07:43.2,2025-02-07T19:07:43.1764812-06:00,2025-02-08T01:07:43.1764812Z,,v3,,,,,100000000000.0,Right,LSU_TIG,f4413faa-fbfa-4951-ad28-6cb2d8aa1683,37.94089,-98.70329,10.82839,2.08967,6.76223,-23.17863,-0.71317,2.58435,0.54175,,,,,,,,,,,,,,,,,,,,,,,,,,,,,,,,,,,,,,,,,,,,,,,,,,,High,High,High,,,,,,7292ef1d-a85b-4020-a7c6-98d524e104dd,,,,,,,,,,,,,,,,,,,,,,,,,,,,,,,,0.0,1.0,0.0,1.0,0.0
22,2/7/25,08:14.1,2.0,1.0,,100000000000.0,Right,LSU_TIG,,100000000000.0,Right,CEN_ARK,Undefined,2.0,Top,1.0,0.0,0.0,Fastball,,BallCalled,Undefined,Undefined,Undefined,0.0,0.0,0.055,0.034661478,67.00618,4.550378,-2.45769,1432.976789,40.785346,7:15,2.12667,0.61859,5.25842,-34.7334,-5.77697,-5.68662,2.12587,-1.41441,61.61791,-4.7651,-3.94644,0.387297,,,,,,,,,,,,5.12666,-7.17367,-1.11098,50.0,0.89368,3.6451,-100.32548,12.44576,5.07371,20.61243,-39.27361,LSU_TIG,CEN_ARK,LSUSoftball,D1,SEC,20250207-LSUSoftball-2,2c33d6c0-e5b9-11ef-a81c-f96fdfcd56f7,97.32185,5.38827,,,,,,,,,2/8/25,08:14.1,2025-02-07T19:08:14.0900000-06:00,2025-02-08T01:08:14.0900000Z,,v3,,,,,100000000000.0,Right,LSU_TIG,f4413faa-fbfa-4951-ad28-6cb2d8aa1683,37.73856,-97.77384,10.30622,2.13343,7.58405,-19.63681,-0.62088,4.27318,2.53685,,,,,,,,,,,,,,,,,,,,,,,,,,,,,,,,,,,,,,,,,,,,,,,,,,,High,High,High,,,,,,ae72874d-de59-4203-9566-02897b99c6f5,,,,,,,,,,,,,,,,,,,,,,,,,,,,,,,,0.0,0.0,0.0,0.0,0.0
23,2/7/25,08:31.5,2.0,2.0,,100000000000.0,Right,LSU_TIG,,100000000000.0,Right,CEN_ARK,Undefined,2.0,Top,1.0,1.0,0.0,Dropball,,BallCalled,Undefined,Undefined,Undefined,0.0,0.0,0.055,0.059995278,64.99894,5.180608,-2.514213,1407.271513,3.763596,6:15,2.05833,0.65951,5.14659,-43.9112,-12.63843,-0.89606,1.70583,-1.01509,59.28158,-6.535438,-2.748285,0.40249,,,,,,,,,,,,-0.07583,-14.52725,-1.18807,50.0,0.6613,4.18445,-97.47699,14.02473,-0.06995,21.22307,-45.57266,LSU_TIG,CEN_ARK,LSUSoftball,D1,SEC,20250207-LSUSoftball-2,36996df0-e5b9-11ef-a81c-f96fdfcd56f7,93.64823,5.71736,,,,,,,,,2/8/25,08:31.5,2025-02-07T19:08:31.5460000-06:00,2025-02-08T01:08:31.5460000Z,,v3,,,,,100000000000.0,Right,LSU_TIG,f4413faa-fbfa-4951-ad28-6cb2d8aa1683,37.85177,-94.79514,10.61154,2.06968,8.26594,-22.78633,-0.65987,4.17561,-0.03497,,,,,,,,,,,,,,,,,,,,,,,,,,,,,,,,,,,,,,,,,,,,,,,,,,,High,High,High,,,,,,ae97cdf2-3301-402b-aecf-7082ebec65f8,,,,,,,,,,,,,,,,,,,,,,,,,,,,,,,,0.0,0.0,0.0,1.0,0.0
24,2/7/25,08:48.8,2.0,3.0,,100000000000.0,Right,LSU_TIG,,100000000000.0,Right,CEN_ARK,Undefined,2.0,Top,1.0,2.0,0.0,Riseball,,StrikeCalled,Undefined,Undefined,Undefined,0.0,0.0,-0.06,-0.060724975,57.75504,2.45064,-0.519603,2277.545014,177.512629,12:00,2.07193,0.61707,4.96397,-22.16356,17.6428,-0.71193,1.79226,0.22564,52.61374,-3.646677,-0.70499,0.454096,,,,,,,,,,,,0.5337,18.24891,-0.72183,50.0,1.37318,0.71938,-86.69486,6.29937,0.39022,16.55239,-18.83131,LSU_TIG,CEN_ARK,LSUSoftball,D1,SEC,20250207-LSUSoftball-2,40f36c60-e5b9-11ef-a81c-f96fdfcd56f7,83.00544,5.1413,,,,,,,,,2/8/25,08:48.8,2025-02-07T19:08:48.8251212-06:00,2025-02-08T01:08:48.8251212Z,,v3,,,,,100000000000.0,Right,LSU_TIG,f4413faa-fbfa-4951-ad28-6cb2d8aa1683,38.02705,-84.37794,8.27619,2.07046,3.66346,-9.41565,-0.61731,0.77401,0.19511,,,,,,,,,,,,,,,,,,,,,,,,,,,,,,,,,,,,,,,,,,,,,,,,,,,High,High,High,,,,,,51938377-81b4-46ea-8d2f-6baf2c2fe05e,,,,,,,,,,,,,,,,,,,,,,,,,,,,,,,,1.0,0.0,0.0,1.0,0.0
25,2/7/25,09:07.2,2.0,4.0,,100000000000.0,Right,LSU_TIG,,100000000000.0,Right,CEN_ARK,Undefined,2.0,Top,1.0,2.0,1.0,Dropball,,StrikeSwinging,Undefined,Undefined,Undefined,0.0,0.0,-0.12,-0.071124004,66.8139,5.080722,-1.565394,1403.646427,8.194339,6:15,2.09777,0.60488,5.14799,-41.25191,-11.92859,-1.83969,1.90075,-0.54414,61.35954,-5.915956,-2.046389,0.389743,,,,,,,,,,,,1.35268,-13.75812,-0.92652,50.0,0.73245,2.52759,-100.08325,13.99316,1.32992,20.76815,-45.70061,LSU_TIG,CEN_ARK,LSUSoftball,D1,SEC,20250207-LSUSoftball-2,4bd3fff0-e5b9-11ef-a81c-f96fdfcd56f7,96.7111,5.45437,,,,,,,,,2/8/25,09:07.2,2025-02-07T19:09:07.1631180-06:00,2025-02-08T01:09:07.1631180Z,,v3,,,,,100000000000.0,Right,LSU_TIG,f4413faa-fbfa-4951-ad28-6cb2d8aa1683,37.85086,-97.52963,10.38407,2.10756,8.37386,-22.85031,-0.60567,2.69112,0.66496,,,,,,,,,,,,,,,,,,,,,,,,,,,,,,,,,,,,,,,,,,,,,,,,,,,High,High,High,,,,,,9b8be56a-91d7-4a79-bb4d-c4739fac69c0,,,,,,,,,,,,,,,,,,,,,,,,,,,,,,,,1.0,1.0,0.0,1.0,0.0
26,2/7/25,09:24.2,2.0,5.0,,100000000000.0,Right,LSU_TIG,,100000000000.0,Right,CEN_ARK,Undefined,2.0,Top,1.0,2.0,2.0,Dropball,,BallCalled,Undefined,Undefined,Undefined,0.0,0.0,0.055,0.090884359,66.42091,2.399263,0.948016,1430.944351,8.710515,6:15,2.00457,0.84255,5.01735,-41.10762,-11.51339,-1.88756,0.11126,1.29033,61.70324,-8.502702,0.454223,0.391539,,,,,,,,,,,,2.34988,-12.71268,-0.63179,50.0,1.2067,-1.87267,-99.73239,9.31267,2.30456,19.96838,-44.64158,LSU_TIG,CEN_ARK,LSUSoftball,D1,SEC,20250207-LSUSoftball-2,55f5b050-e5b9-11ef-a81c-f96fdfcd56f7,96.26745,4.71766,,,,,,,,,2/8/25,09:24.2,2025-02-07T19:09:24.1968460-06:00,2025-02-08T01:09:24.1968460Z,,v3,,,,,100000000000.0,Right,LSU_TIG,f4413faa-fbfa-4951-ad28-6cb2d8aa1683,37.98224,-97.29645,9.98419,2.01058,3.86684,-22.32079,-0.84309,-1.59153,1.15228,,,,,,,,,,,,,,,,,,,,,,,,,,,,,,,,,,,,,,,,,,,,,,,,,,,High,High,High,,,,,,81ad9ba0-8b54-45a6-8a78-568986ef9493,,,,,,,,,,,,,,,,,,,,,,,,,,,,,,,,0.0,0.0,0.0,0.0,0.0
27,2/7/25,09:44.1,2.0,6.0,,100000000000.0,Right,LSU_TIG,,100000000000.0,Right,CEN_ARK,Undefined,2.0,Top,1.0,3.0,2.0,Dropball,,StrikeSwinging,Strikeout,Undefined,Undefined,0.0,0.0,-0.3802,-0.311725656,67.58608,5.378698,-2.049167,1374.692011,5.983778,6:15,2.07619,0.66794,5.27485,-40.47912,-11.96461,-1.34165,2.12368,-0.74299,61.95892,-5.445599,-2.400903,0.38433,,,,,,,,,,,,0.65661,-14.04946,-1.09927,50.0,0.63139,3.46496,-101.2091,14.67773,0.65946,21.39564,-46.28456,LSU_TIG,CEN_ARK,LSUSoftball,D1,SEC,20250207-LSUSoftball-2,61d98310-e5b9-11ef-a81c-f96fdfcd56f7,98.07304,5.62716,,,,,,,,,2/8/25,09:44.1,2025-02-07T19:09:44.0990000-06:00,2025-02-08T01:09:44.0990000Z,,v3,,,,,100000000000.0,Right,LSU_TIG,f4413faa-fbfa-4951-ad28-6cb2d8aa1683,37.72389,-98.57977,10.69782,2.08565,8.98978,-23.14228,-0.66848,3.546,0.32973,,,,,,,,,,,,,,,,,,,,,,,,,,,,,47.68416,,,0.885938,,,,-0.92766,5.55122,3.5945,45.12563,0.31673,37.22885,-0.90988,57.69369,-6.48443,5.58466,8.83452,-16.71558,3.58071,38.20105,-0.23621,High,High,High,,,High,Low,Low,e744eb9e-a6d0-4495-b662-c53819bd82c9,,,,,,,,,,,,,,,,,,,,,,,,,,,,,,,,0.0,1.0,0.0,1.0,0.0
28,2/7/25,10:12.6,3.0,1.0,,100000000000.0,Right,LSU_TIG,,100000000000.0,Left,CEN_ARK,Undefined,2.0,Top,2.0,0.0,0.0,Dropball,,StrikeCalled,Undefined,Undefined,Undefined,0.0,0.0,-0.06,-0.038869499,67.15317,5.458029,0.242213,1333.884904,358.988314,6:00,2.07097,0.94533,5.22389,-40.5279,-11.72131,0.22114,2.16783,1.11747,61.80609,-5.361863,0.300177,0.386294,,,,,,,,,,,,-0.14839,-13.73284,-0.89497,50.0,0.61343,-0.3991,-100.49025,14.73111,-0.14787,20.13448,-45.8604,LSU_TIG,CEN_ARK,LSUSoftball,D1,SEC,20250207-LSUSoftball-2,72cc0b20-e5b9-11ef-a81c-f96fdfcd56f7,97.57461,5.34708,,,,,,,,,2/8/25,10:12.5,2025-02-07T19:10:12.5507916-06:00,2025-02-08T01:10:12.5507916Z,,v3,,,,,100000000000.0,Right,LSU_TIG,f4413faa-fbfa-4951-ad28-6cb2d8aa1683,37.77526,-98.01027,10.06724,2.07999,9.08244,-22.9302,-0.94525,-0.41731,-0.07394,,,,,,,,,,,,,,,,,,,,,,,,,,,,,,,,,,,,,,,,,,,,,,,,,,,High,High,High,,,,,,70c995a1-2eb8-48c4-b83f-3e3ff267b0eb,,,,,,,,,,,,,,,,,,,,,,,,,,,,,,,,0.0,0.0,0.0,0.0,0.0
29,2/7/25,10:29.1,3.0,2.0,,100000000000.0,Right,LSU_TIG,,100000000000.0,Left,CEN_ARK,Undefined,2.0,Top,2.0,0.0,1.0,Dropball,,StrikeSwinging,Undefined,Undefined,Undefined,0.0,0.0,-0.12,-0.056472118,67.35709,4.646957,-2.146995,1294.117771,1.259888,6:00,2.12217,0.58148,5.15548,-39.62132,-10.79528,-0.25571,1.78346,-0.8055,61.89175,-5.921708,-2.213856,0.386424,,,,,,,,,,,,-0.51988,-12.86548,-1.03555,50.0,0.84347,3.7533,-100.93354,13.27807,-0.5197,21.16722,-45.03495,LSU_TIG,CEN_ARK,LSUSoftball,D1,SEC,20250207-LSUSoftball-2,7c9b55c0-e5b9-11ef-a81c-f96fdfcd56f7,97.5417,5.46534,,,,,,,,,2/8/25,10:29.1,2025-02-07T19:10:29.0612556-06:00,2025-02-08T01:10:29.0612556Z,,v3,,,,,100000000000.0,Right,LSU_TIG,f4413faa-fbfa-4951-ad28-6cb2d8aa1683,37.84347,-98.35111,10.58361,2.12826,7.78374,-22.51747,-0.58151,3.6899,-0.25985,,,,,,,,,,,,,,,,,,,,,,,,,,,,,,,,,,,,,,,,,,,,,,,,,,,High,High,High,,,,,,b1c0df4f-4152-45d5-aab9-86f952863121,,,,,,,,,,,,,,,,,,,,,,,,,,,,,,,,0.0,1.0,0.0,1.0,0.0
30,2/7/25,10:45.5,3.0,3.0,,100000000000.0,Right,LSU_TIG,,100000000000.0,Left,CEN_ARK,Undefined,2.0,Top,2.0,0.0,2.0,Dropball,,StrikeSwinging,Strikeout,Undefined,Undefined,0.0,0.0,-0.3802,-0.170912246,67.23086,4.302902,-2.381104,1384.749667,1.880931,6:00,2.1322,0.75423,5.0535,-40.58805,-11.42627,-0.40362,1.50081,-0.7984,61.69113,-6.494847,-2.486357,0.388668,,,,,,,,,,,,-0.48311,-12.93178,-1.25323,50.0,0.95119,4.14648,-100.80142,12.55357,-0.48004,21.61293,-45.0235,LSU_TIG,CEN_ARK,LSUSoftball,D1,SEC,20250207-LSUSoftball-2,8675c3f0-e5b9-11ef-a81c-f96fdfcd56f7,96.97858,5.53973,,,,,,,,,2/8/25,10:45.5,2025-02-07T19:10:45.5251276-06:00,2025-02-08T01:10:45.5251276Z,,v3,,,,,100000000000.0,Right,LSU_TIG,f4413faa-fbfa-4951-ad28-6cb2d8aa1683,37.94481,-98.18264,10.80647,2.14177,7.09819,-22.51175,-0.75433,4.08832,-0.24002,,,,,,,,,,,,,,,,,,,,,,,,,,,,,,,,,,,,,,,,,,,,,,,,,,,High,High,High,,,,,,bc558a77-7832-4846-8979-cced2acf8a37,,,,,,,,,,,,,,,,,,,,,,,,,,,,,,,,0.0,1.0,0.0,1.0,0.0
31,2/7/25,13:02.4,1.0,1.0,,100000000000.0,Right,CEN_ARK,,100000000000.0,Right,LSU_TIG,Undefined,2.0,Bottom,0.0,0.0,0.0,Dropball,,BallCalled,Undefined,Undefined,Undefined,0.0,0.0,0.055,0.034661478,67.19814,3.66395,1.226794,1232.912471,23.908225,6:45,1.70437,0.32854,4.76575,-36.36215,-7.21197,-3.52169,1.03238,0.82352,62.54205,-5.931634,0.314097,0.38859,,,,,,,,,,,,4.06421,-8.20544,-0.05639,50.0,0.70304,-2.55114,-100.43934,10.89961,4.09831,18.21961,-40.44832,LSU_TIG,CEN_ARK,LSUSoftball,D1,SEC,20250207-LSUSoftball-2,d80d3770-e5b9-11ef-a81c-f96fdfcd56f7,96.99793,4.65609,,,,,,,,,2/8/25,13:02.4,2025-02-07T19:13:02.4278348-06:00,2025-02-08T01:13:02.4278348Z,,v3,,,,,100000000000.0,Right,CEN_ARK,f4413faa-fbfa-4951-ad28-6cb2d8aa1683,38.23287,-98.28161,9.1098,1.71022,6.10936,-20.22416,-0.32978,-2.06578,2.04916,,,,,,,,,,,,,,,,,,,,,,,,,,,,,,,,,,,,,,,,,,,,,,,,,,,High,High,High,,,,,,9152099d-35cb-47b4-a884-7bb9f4df4069,,,,,,,,,,,,,,,,,,,,,,,,,,,,,,,,0.0,0.0,0.0,0.0,0.0
32,2/7/25,13:36.7,1.0,2.0,,100000000000.0,Right,CEN_ARK,,100000000000.0,Right,LSU_TIG,Undefined,2.0,Bottom,0.0,1.0,0.0,Changeup,,StrikeCalled,Undefined,Undefined,Undefined,0.0,0.0,-0.06,-0.047682132,49.95832,9.226499,-1.166652,996.723002,34.68163,7:15,1.6794,0.24506,5.31178,-57.87999,-4.84705,-4.43988,2.74925,-0.8636,45.44054,-6.305622,-2.325725,0.524136,,,,,,,,,,,,4.22126,-7.41756,-0.4713,50.0,-0.75535,1.14096,-74.19339,17.58158,2.27505,11.61306,-36.17171,LSU_TIG,CEN_ARK,LSUSoftball,D1,SEC,20250207-LSUSoftball-2,ec8a6ce0-e5b9-11ef-a81c-f96fdfcd56f7,71.91344,4.51778,,,,,,,,,2/8/25,13:36.6,2025-02-07T19:13:36.6523724-06:00,2025-02-08T01:13:36.6523724Z,,v3,,,,,100000000000.0,Right,CEN_ARK,f4413faa-fbfa-4951-ad28-6cb2d8aa1683,37.68555,-72.24017,5.80653,1.69011,11.4978,-18.08586,-0.24722,1.52361,1.13752,,,,,,,,,,,,,,,,,,,,,,,,,,,,,,,,,,,,,,,,,,,,,,,,,,,High,High,High,,,,,,23b10ad6-e916-4f79-bb9d-227033529b38,,,,,,,,,,,,,,,,,,,,,,,,,,,,,,,,0.0,0.0,0.0,1.0,0.0
33,2/7/25,13:55.4,1.0,3.0,,100000000000.0,Right,CEN_ARK,,100000000000.0,Right,LSU_TIG,Undefined,2.0,Bottom,0.0,1.0,1.0,Curveball,,StrikeSwinging,Undefined,Undefined,Undefined,0.0,0.0,-0.12,-0.060386317,67.8676,3.602923,1.562128,1249.798298,39.148745,7:15,1.72805,0.42917,4.81224,-33.91002,-5.25398,-4.90099,1.21841,1.02355,62.79898,-5.380288,0.290906,0.385283,,,,,,,,,,,,5.64583,-6.21028,-0.07915,50.0,0.75095,-3.32911,-101.53912,10.61435,5.77806,19.68434,-38.5298,LSU_TIG,CEN_ARK,LSUSoftball,D1,SEC,20250207-LSUSoftball-2,f79c49a0-e5b9-11ef-a81c-f96fdfcd56f7,97.83061,5.06862,,,,,,,,,2/8/25,13:55.4,2025-02-07T19:13:55.3780000-06:00,2025-02-08T01:13:55.3780000Z,,v3,,,,,100000000000.0,Right,CEN_ARK,f4413faa-fbfa-4951-ad28-6cb2d8aa1683,38.18545,-99.22232,9.84217,1.73337,6.0795,-19.2649,-0.43095,-2.64904,2.88903,,,,,,,,,,,,,,,,,,,,,,,,,,,,,,,,,,,,,,,,,,,,,,,,,,,High,High,High,,,,,,673571b2-f382-4e9e-a11e-619ae415c0bc,,,,,,,,,,,,,,,,,,,,,,,,,,,,,,,,0.0,1.0,0.0,1.0,0.0
34,2/7/25,14:16.8,1.0,4.0,,100000000000.0,Right,CEN_ARK,,100000000000.0,Right,LSU_TIG,Undefined,2.0,Bottom,0.0,1.0,2.0,Dropball,,FoulBallNotFieldable,Undefined,Undefined,Undefined,0.0,0.0,-0.03,0.0,67.58011,5.098115,-0.834233,1264.694834,31.408385,7:00,1.60532,0.38777,4.64776,-37.3651,-8.05855,-5.40792,1.78712,-0.60072,62.28661,-4.741061,-2.228926,0.389631,,,,,,,,,,,,5.35925,-9.76343,-0.52669,50.0,0.31819,0.86141,-100.98078,13.52681,5.40965,19.88157,-42.02931,LSU_TIG,CEN_ARK,LSUSoftball,D1,SEC,20250207-LSUSoftball-2,045d35f0-e5ba-11ef-a81c-f96fdfcd56f7,96.73875,5.2935,,,,,,,,,2/8/25,14:16.8,2025-02-07T19:14:16.8240972-06:00,2025-02-08T01:14:16.8240972Z,,v3,,,,,100000000000.0,Right,CEN_ARK,f4413faa-fbfa-4951-ad28-6cb2d8aa1683,38.35092,-98.6606,9.94078,1.61057,8.62199,-21.01466,-0.38932,1.49272,2.70483,,,,,,,,,,,,,,,,,,,,,,,,,,,,,,,,,,,,,,,,,,,,,,,,,,,High,High,High,,,,,,345941f5-e93e-47ea-966d-7edf71392524,,,,,,,,,,,,,,,,,,,,,,,,,,,,,,,,1.0,1.0,0.0,1.0,0.0
35,2/7/25,14:40.0,1.0,5.0,,100000000000.0,Right,CEN_ARK,,100000000000.0,Right,LSU_TIG,Undefined,2.0,Bottom,0.0,1.0,2.0,Changeup,,BallCalled,Undefined,Undefined,Undefined,0.0,0.0,0.055,0.037192071,49.56955,10.648514,-2.572846,961.380479,26.482819,7:00,1.86256,0.20231,5.73723,-60.52019,-7.42902,-4.48347,3.56588,-1.78206,44.89449,-5.709845,-3.752161,0.524424,,,,,,,,,,,,3.81681,-10.77906,-0.74784,50.0,-1.02694,2.90798,-73.34668,19.81203,2.00909,11.39915,-37.84794,LSU_TIG,CEN_ARK,LSUSoftball,D1,SEC,20250207-LSUSoftball-2,1250fcf0-e5ba-11ef-a81c-f96fdfcd56f7,71.87398,4.67506,,,,,,,,,2/8/25,14:40.0,2025-02-07T19:14:39.9968076-06:00,2025-02-08T01:14:39.9968076Z,,v3,,,,,100000000000.0,Right,CEN_ARK,f4413faa-fbfa-4951-ad28-6cb2d8aa1683,37.26139,-71.33944,5.69957,1.87492,13.14754,-18.92397,-0.20464,3.26176,1.00455,,,,,,,,,,,,,,,,,,,,,,,,,,,,,,,,,,,,,,,,,,,,,,,,,,,High,High,High,,,,,,be6bee25-6d20-4c74-8f1a-db524531669a,,,,,,,,,,,,,,,,,,,,,,,,,,,,,,,,0.0,0.0,0.0,0.0,0.0
36,2/7/25,14:59.7,1.0,6.0,,100000000000.0,Right,CEN_ARK,,100000000000.0,Right,LSU_TIG,Undefined,2.0,Bottom,0.0,2.0,2.0,Riseball,,FoulBallNotFieldable,Undefined,Undefined,Undefined,0.0,0.0,-0.03,0.0,64.73922,6.996434,0.825164,1551.085681,111.761534,9:45,1.61838,0.39073,4.90909,-30.32832,1.34358,-1.26213,3.59222,0.81376,59.36879,-1.082774,0.497884,0.40505,80.22461,26.437792,-40.73369,1377.416693,78.78913,39.97492,-76.76072,245.36261,222.20446,-49.712522,3.25202,1.61618,-0.52976,-0.21146,50.0,-0.06904,-1.52943,-96.34256,15.55505,1.48854,17.76827,-32.66199,LSU_TIG,CEN_ARK,LSUSoftball,D1,SEC,20250207-LSUSoftball-2,1dec7c10-e5ba-11ef-a81c-f96fdfcd56f7,93.05627,5.37043,,,,41.66206,,2.60565,3.57317,-0.71059,2/8/25,14:59.7,2025-02-07T19:14:59.6970000-06:00,2025-02-08T01:14:59.6970000Z,,v3,,,,,100000000000.0,Right,CEN_ARK,f4413faa-fbfa-4951-ad28-6cb2d8aa1683,38.08783,-94.11998,8.88413,1.62117,11.46947,-16.33099,-0.39113,-1.34323,0.74427,126.062387,2.6055,79.83887,-17.1707,4.06543,-0.91265,0.16622,-0.01934,-9e-05,0.00024,3.57323,52.38524,-19.92821,1.61173,-0.29381,0.07771,-0.0258,0.00637,-0.00064,-0.71054,-68.75197,4.60362,-0.359,-0.00078,-0.00582,0.00606,-0.00129,6e-05,,,,,,,,,,,,,,,,,,,,,,,High,High,High,High,Low,,,,07632937-214f-417a-854e-a156ade19211,,,,,,,,,,,,,,,,,,,,,,,,,,,,,,,,0.0,1.0,0.0,1.0,0.0
37,2/7/25,15:37.5,1.0,7.0,,100000000000.0,Right,CEN_ARK,,100000000000.0,Right,LSU_TIG,Undefined,2.0,Bottom,0.0,2.0,2.0,Curveball,,StrikeCalled,Strikeout,Undefined,Undefined,0.0,0.0,-0.3802,-0.226139049,68.21067,5.947698,-1.462101,1265.769449,23.004582,6:45,1.68488,0.2729,5.00342,-34.82903,-6.51221,-3.09606,2.59467,-0.91878,62.66168,-3.313175,-2.267336,0.382995,,,,,,,,,,,,2.72677,-8.26276,-0.56216,50.0,0.19206,2.24559,-101.78946,14.99233,2.79627,20.2239,-40.64739,LSU_TIG,CEN_ARK,LSUSoftball,D1,SEC,20250207-LSUSoftball-2,347c3dd0-e5ba-11ef-a81c-f96fdfcd56f7,98.41486,5.54899,,,,,,,,,2/8/25,15:37.5,2025-02-07T19:15:37.5030000-06:00,2025-02-08T01:15:37.5030000Z,,v3,,,,,100000000000.0,Right,CEN_ARK,f4413faa-fbfa-4951-ad28-6cb2d8aa1683,37.99374,-99.37539,10.11195,1.69207,10.14036,-20.32369,-0.27419,2.57938,1.39814,,,,,,,,,,,,,,,,,,,,,,,,,,,,,48.37886,2.565545,1.572966,0.992578,-2.05981,2.36451,1.05873,-5.03374,3.90341,2.46041,49.20403,3.57931,33.15636,-4.98185,60.16819,-5.60551,3.98226,15.62108,-16.12257,2.46371,32.6041,-1.69412,High,High,High,,,High,Medium,High,cc2f9784-57f4-42d3-a308-88cb4436de12,,,,,,,,,,,,,,,,,,,,,,,,,,,,,,,,0.0,0.0,0.0,1.0,0.0
38,2/7/25,16:08.9,2.0,1.0,,100000000000.0,Right,CEN_ARK,,100000000000.0,Right,LSU_TIG,Undefined,2.0,Bottom,1.0,0.0,0.0,Fastball,,BallCalled,Undefined,Undefined,Undefined,0.0,0.0,0.055,0.034661478,68.59625,7.769481,-0.848047,1367.206053,13.466577,6:30,1.73933,0.33868,5.05974,-36.23128,-8.24449,-2.15264,3.70393,-0.38134,62.96004,-1.831777,-1.407928,0.380757,,,,,,,,,,,,1.97425,-10.61008,-0.5051,50.0,-0.16046,1.26023,-101.92245,18.51891,2.04206,19.36224,-43.14848,LSU_TIG,CEN_ARK,LSUSoftball,D1,SEC,20250207-LSUSoftball-2,4739e8f0-e5ba-11ef-a81c-f96fdfcd56f7,98.99348,5.63621,,,,,,,,,2/8/25,16:08.9,2025-02-07T19:16:08.9400000-06:00,2025-02-08T01:16:08.9400000Z,,v3,,,,,100000000000.0,Right,CEN_ARK,f4413faa-fbfa-4951-ad28-6cb2d8aa1683,37.9383,-99.60473,9.68112,1.74718,13.35391,-21.57424,-0.33961,1.50467,1.02103,,,,,,,,,,,,,,,,,,,,,,,,,,,,,,,,,,,,,,,,,,,,,,,,,,,High,High,High,,,,,,5b5f82b8-5c22-459e-a926-c34e1628e425,,,,,,,,,,,,,,,,,,,,,,,,,,,,,,,,0.0,0.0,0.0,1.0,0.0
39,2/7/25,16:25.7,2.0,2.0,,100000000000.0,Right,CEN_ARK,,100000000000.0,Right,LSU_TIG,Undefined,2.0,Bottom,1.0,1.0,0.0,Changeup,,BallCalled,Undefined,Undefined,Undefined,0.0,0.0,0.055,0.059995278,48.36244,8.834386,-1.811669,1010.888789,14.735325,6:30,1.73448,0.17512,5.45266,-63.13299,-7.06638,-2.29969,2.09177,-1.15935,44.17432,-8.152431,-2.414909,0.538919,,,,,,,,,,,,1.74311,-9.62123,-0.55574,50.0,-0.68658,2.086,-71.95813,17.11806,0.88215,11.05447,-37.04315,LSU_TIG,CEN_ARK,LSUSoftball,D1,SEC,20250207-LSUSoftball-2,514e52e0-e5ba-11ef-a81c-f96fdfcd56f7,69.94081,4.18812,,,,,,,,,2/8/25,16:25.7,2025-02-07T19:16:25.6965964-06:00,2025-02-08T01:16:25.6965964Z,,v3,,,,,100000000000.0,Right,CEN_ARK,f4413faa-fbfa-4951-ad28-6cb2d8aa1683,37.54605,-70.01877,5.52723,1.74649,10.61934,-18.52158,-0.1762,2.24076,0.44108,,,,,,,,,,,,,,,,,,,,,,,,,,,,,,,,,,,,,,,,,,,,,,,,,,,High,High,High,,,,,,9e7d2255-4f14-422a-a284-4fb67113f41c,,,,,,,,,,,,,,,,,,,,,,,,,,,,,,,,0.0,0.0,0.0,0.0,0.0
40,2/7/25,16:45.4,2.0,3.0,,100000000000.0,Right,CEN_ARK,,100000000000.0,Right,LSU_TIG,Undefined,2.0,Bottom,1.0,2.0,0.0,Curveball,,StrikeCalled,Undefined,Undefined,Undefined,0.0,0.0,-0.06,-0.060724975,67.95658,5.071322,-0.030402,1291.492519,28.504945,7:00,1.67796,0.18558,5.16481,-34.76179,-6.7089,-4.03988,2.01306,-0.1704,62.8337,-4.210714,-1.087406,0.381206,,,,,,,,,,,,4.2604,-8.21434,-0.16783,50.0,0.34385,-0.42494,-101.54423,13.52184,4.372,19.29028,-40.60358,LSU_TIG,CEN_ARK,LSUSoftball,D1,SEC,20250207-LSUSoftball-2,5cedf0b0-e5ba-11ef-a81c-f96fdfcd56f7,98.87675,5.12288,,,,,,,,,2/8/25,16:45.4,2025-02-07T19:16:45.3640000-06:00,2025-02-08T01:16:45.3640000Z,,v3,,,,,100000000000.0,Right,CEN_ARK,f4413faa-fbfa-4951-ad28-6cb2d8aa1683,37.83309,-99.20596,9.64514,1.6846,8.6001,-20.30179,-0.18722,0.10501,2.186,,,,,,,,,,,,,,,,,,,,,,,,,,,,,,,,,,,,,,,,,,,,,,,,,,,High,High,High,,,,,,5cd01f3c-89b4-4fb8-9120-56a3253da728,,,,,,,,,,,,,,,,,,,,,,,,,,,,,,,,1.0,0.0,0.0,1.0,1.0
41,2/7/25,17:06.0,2.0,4.0,,100000000000.0,Right,CEN_ARK,,100000000000.0,Right,LSU_TIG,Undefined,2.0,Bottom,1.0,2.0,1.0,Screwball,,BallCalled,Undefined,Undefined,Undefined,0.0,0.0,0.055,0.099768096,64.78806,3.028439,0.404986,2246.339248,146.259485,11:00,1.63901,0.44702,5.21146,-29.17978,1.65717,-0.53555,1.13169,0.65948,59.76053,-4.84159,0.264497,0.399675,,,,,,,,,,,,0.71169,1.28441,-0.35742,50.0,0.76621,-0.74769,-97.12846,8.85435,0.66282,18.76564,-30.97782,LSU_TIG,CEN_ARK,LSUSoftball,D1,SEC,20250207-LSUSoftball-2,69460910-e5ba-11ef-a81c-f96fdfcd56f7,94.30771,5.02752,,,,,,,,,2/8/25,17:06.0,2025-02-07T19:17:06.0460000-06:00,2025-02-08T01:17:06.0460000Z,,v3,,,,,100000000000.0,Right,CEN_ARK,f4413faa-fbfa-4951-ad28-6cb2d8aa1683,37.78402,-94.73889,9.38282,1.64255,4.90971,-15.48891,-0.44725,-0.66329,0.33141,,,,,,,,,,,,,,,,,,,,,,,,,,,,,,,,,,,,,,,,,,,,,,,,,,,High,High,High,,,,,,b0e6a60e-85af-47fd-b400-7fbc2f27d254,,,,,,,,,,,,,,,,,,,,,,,,,,,,,,,,0.0,0.0,0.0,0.0,0.0
42,2/7/25,17:24.5,2.0,5.0,,100000000000.0,Right,CEN_ARK,,100000000000.0,Right,LSU_TIG,Undefined,2.0,Bottom,1.0,3.0,1.0,Curveball,,BallCalled,Walk,Undefined,Undefined,0.0,0.0,0.39687,0.19095823,67.49146,7.701708,0.047842,1368.926187,12.229613,6:30,1.7487,0.19369,5.34191,-34.86274,-6.55933,-1.57378,3.74463,0.09281,62.27001,-1.60741,-0.364796,0.382905,,,,,,,,,,,,1.68811,-8.78386,-0.17368,50.0,-0.18744,-0.27222,-100.22626,18.15854,1.70046,17.66629,-41.02221,LSU_TIG,CEN_ARK,LSUSoftball,D1,SEC,20250207-LSUSoftball-2,7441c5c0-e5ba-11ef-a81c-f96fdfcd56f7,98.43816,5.22145,,,,,,,,,2/8/25,17:24.5,2025-02-07T19:17:24.4690000-06:00,2025-02-08T01:17:24.4690000Z,,v3,,,,,100000000000.0,Right,CEN_ARK,f4413faa-fbfa-4951-ad28-6cb2d8aa1683,37.65609,-98.02633,8.83314,1.75572,13.05017,-20.51111,-0.19439,-0.06047,0.85023,,,,,,,,,,,,,,,,,,,,,,,,,,,,,,,,,,,,,,,,,,,,,,,,,,,High,High,High,,,,,,76db1594-49df-481b-8c40-6a0a0436bd4f,,,,,,,,,,,,,,,,,,,,,,,,,,,,,,,,0.0,0.0,0.0,1.0,0.0
43,2/7/25,17:54.7,3.0,1.0,,100000000000.0,Right,CEN_ARK,,100000000000.0,Left,LSU_TIG,Undefined,2.0,Bottom,1.0,0.0,0.0,Screwball,,BallCalled,Undefined,Undefined,Undefined,0.0,0.0,0.055,0.034661478,65.25686,4.018117,1.20437,1435.223135,338.962335,5:15,1.69219,0.52207,5.3836,-29.75324,0.52122,0.13354,1.75616,1.29425,59.88394,-4.044236,1.239531,0.396013,,,,,,,,,,,,0.29862,-0.35437,-0.26259,50.0,0.5841,-2.04129,-97.84262,10.75306,0.28075,19.76604,-32.50721,LSU_TIG,CEN_ARK,LSUSoftball,D1,SEC,20250207-LSUSoftball-2,86439af0-e5ba-11ef-a81c-f96fdfcd56f7,95.17973,5.37292,,,,,,,,,2/8/25,17:54.7,2025-02-07T19:17:54.7210000-06:00,2025-02-08T01:17:54.7210000Z,,v3,,,,,100000000000.0,Right,CEN_ARK,f4413faa-fbfa-4951-ad28-6cb2d8aa1683,37.61211,-95.30718,9.88302,1.69599,6.58328,-16.25361,-0.52212,-2.00528,0.14037,,,,,,,,,,,,,,,,,,,,,,,,,,,,,,,,,,,,,,,,,,,,,,,,,,,High,High,High,,,,,,c9a553f2-4257-49d3-a763-249c87aa14df,,,,,,,,,,,,,,,,,,,,,,,,,,,,,,,,0.0,0.0,0.0,0.0,0.0
44,2/7/25,18:13.7,3.0,2.0,,100000000000.0,Right,CEN_ARK,,100000000000.0,Left,LSU_TIG,Undefined,2.0,Bottom,1.0,1.0,0.0,Dropball,,StrikeCalled,Undefined,Undefined,Undefined,0.0,0.0,-0.06,-0.047682132,68.12386,5.096621,0.834249,1383.116908,15.019148,6:30,1.69172,0.53215,5.31307,-34.7986,-7.06272,-2.09276,2.02707,0.8859,62.88173,-4.233428,0.284508,0.379046,,,,,,,,,,,,2.52484,-8.81288,-0.33934,50.0,0.32685,-1.74118,-101.86572,13.72643,2.60029,19.83231,-41.25019,LSU_TIG,CEN_ARK,LSUSoftball,D1,SEC,20250207-LSUSoftball-2,918ed730-e5ba-11ef-a81c-f96fdfcd56f7,99.44019,5.24213,,,,,,,,,2/8/25,18:13.7,2025-02-07T19:18:13.6935756-06:00,2025-02-08T01:18:13.6935756Z,,v3,,,,,100000000000.0,Right,CEN_ARK,f4413faa-fbfa-4951-ad28-6cb2d8aa1683,37.68506,-99.43921,9.91616,1.69754,8.67943,-20.6251,-0.53291,-1.42303,1.30014,,,,,,,,,,,,,,,,,,,,,,,,,,,,,,,,,,,,,,,,,,,,,,,,,,,High,High,High,,,,,,77cf6bb5-630a-4634-bb6b-023d5bdb0079,,,,,,,,,,,,,,,,,,,,,,,,,,,,,,,,0.0,0.0,0.0,1.0,0.0
45,2/7/25,18:32.6,3.0,3.0,,100000000000.0,Right,CEN_ARK,,100000000000.0,Left,LSU_TIG,Undefined,2.0,Bottom,1.0,1.0,1.0,Changeup,,InPlay,Undefined,LineDrive,Single,0.0,0.0,0.5888,0.48127107,49.39992,7.550318,-0.972,947.202639,25.647064,6:45,1.72898,0.45041,5.7304,-58.91877,-6.40681,-3.81536,1.57196,-0.47582,45.33242,-8.446711,-1.982717,0.521555,66.81132,7.525668,7.614369,3337.745975,,,,75.28656,75.28656,6.354161,0.809191,3.84906,-9.31489,-0.63852,50.0,-0.46535,0.8904,-73.82512,15.8318,2.04909,11.68206,-37.13295,LSU_TIG,CEN_ARK,LSUSoftball,D1,SEC,20250207-LSUSoftball-2,9ce0ca30-e5ba-11ef-a81c-f96fdfcd56f7,72.26929,4.0675,,,,3.95326,,3.28369,1.84101,0.42661,2/8/25,18:32.6,2025-02-07T19:18:32.5606732-06:00,2025-02-08T01:18:32.5606732Z,,v3,,,,,100000000000.0,Right,CEN_ARK,f4413faa-fbfa-4951-ad28-6cb2d8aa1683,37.26869,-71.78226,5.84103,1.73542,9.3383,-18.56647,-0.45148,1.24873,1.02454,49.10869,3.30752,95.88636,-9.30877,,,,,,,1.87998,12.18114,-17.97986,,,,,,,0.44356,12.58572,-3.5292,,,,,,,,,,,,,,,,,,,,,,,,,,,,,High,High,High,High,High,,,,a8a0628f-5bee-4e65-a738-d500effa40fa,,,,,,,,,,,,,,,,,,,,,,,,,,,,,,,,1.0,1.0,1.0,1.0,0.0
46,2/7/25,19:25.3,4.0,1.0,,100000000000.0,Right,CEN_ARK,,100000000000.0,Right,LSU_TIG,Undefined,2.0,Bottom,1.0,0.0,0.0,Dropball,,InPlay,Undefined,GroundBall,Double,1.0,0.0,0.891,0.787066187,68.18546,5.451208,0.102663,1286.342594,11.929112,6:30,1.73399,0.37672,5.0642,-36.76156,-8.54497,-1.97252,2.15556,0.27778,62.63297,-4.33919,-0.411904,0.382317,72.4352,-20.643482,-7.894638,,,,,7.41293,7.41293,-7.384755,0.054901,2.14134,-10.65808,-0.34271,50.0,0.31539,-0.42032,-101.98772,14.47009,2.1968,20.83383,-43.10813,LSU_TIG,CEN_ARK,LSUSoftball,D1,SEC,20250207-LSUSoftball-2,bc3851a0-e5ba-11ef-a81c-f96fdfcd56f7,98.58946,5.55249,,,,2.06192,,1.93029,2.06192,-0.20107,2/8/25,19:25.3,2025-02-07T19:19:25.2630000-06:00,2025-02-08T01:19:25.2630000Z,,v3,,,,,100000000000.0,Right,CEN_ARK,f4413faa-fbfa-4951-ad28-6cb2d8aa1683,37.93435,-99.49245,10.41692,1.73929,9.30703,-21.55407,-0.3773,-0.15721,1.0984,180.0,1.92792,98.74367,,,,,,,,2.06282,-37.55681,,,,,,,,-0.20074,-13.6924,,,,,,,,,,,,,,,,,,,,,,,,,,,,,,High,High,High,High,High,,,,d37af4fe-5c03-4754-b35d-b7d0a2ca0875,,,,,,,,,,,,,,,,,,,,,,,,,,,,,,,,1.0,1.0,1.0,1.0,1.0
47,2/7/25,21:50.5,5.0,1.0,,100000000000.0,Right,CEN_ARK,,100000000000.0,Left,LSU_TIG,Undefined,2.0,Bottom,2.0,0.0,0.0,Screwball,,InPlay,Undefined,LineDrive,Double,0.0,2.0,0.891,0.787066187,65.57206,4.405859,-0.037887,1249.385893,155.639473,11:15,1.6479,0.49943,5.17093,-29.32061,1.16524,-0.11331,2.01006,0.46591,59.85474,-3.510669,-0.067546,0.397393,61.00191,18.045258,29.915863,1171.990283,,,,137.03544,137.03544,35.098445,1.91093,0.10713,-0.02909,-0.50676,50.0,0.48328,0.05179,-98.37416,11.32677,0.10116,20.90112,-32.20151,LSU_TIG,CEN_ARK,LSUSoftball,D1,SEC,20250207-LSUSoftball-2,12cd1550-e5bb-11ef-a81c-f96fdfcd56f7,94.84925,5.71732,,,,14.32742,,3.73672,2.15032,-0.45667,2/8/25,21:50.5,2025-02-07T19:21:50.5450000-06:00,2025-02-08T01:21:50.5450000Z,,v3,,,,,100000000000.0,Right,CEN_ARK,f4413faa-fbfa-4951-ad28-6cb2d8aa1683,37.82554,-95.75258,10.45056,1.65068,7.2878,-16.10076,-0.49946,0.06448,0.05058,238.687953,3.73672,73.73488,-12.4683,2.6475,-0.52268,0.06169,0.00231,-0.00287,0.00049,2.15032,27.71394,-16.40609,0.78491,-0.08754,0.03166,-0.01291,0.00456,-0.00063,-0.45666,42.42507,0.00249,-0.51621,0.17886,-0.0205,-0.0074,0.00398,-0.00057,,,,,,,,,,,,,,,,,,,,,,,High,High,High,High,High,,,,20e67817-813c-46cd-9562-dd94e68f4fca,,,,,,,,,,,,,,,,,,,,,,,,,,,,,,,,1.0,1.0,1.0,1.0,0.0
48,2/7/25,22:33.4,6.0,1.0,,100000000000.0,Right,CEN_ARK,,100000000000.0,Left,LSU_TIG,Undefined,2.0,Bottom,2.0,0.0,0.0,Curveball,,InPlay,Undefined,Bunt,Single,0.0,0.0,0.5888,0.466135436,66.46549,7.241633,-1.046201,1271.270877,24.395489,6:45,1.66939,0.41601,5.11158,-38.73356,-8.89544,-4.41725,3.07678,-0.61813,60.77477,-3.06511,-2.196947,0.393149,,,,,,,,,,,,4.34969,-11.68359,-0.60933,50.0,-0.15438,1.29085,-99.07778,17.47003,4.20945,19.72549,-43.48095,LSU_TIG,CEN_ARK,LSUSoftball,D1,SEC,20250207-LSUSoftball-2,2c5e5740-e5bb-11ef-a81c-f96fdfcd56f7,95.87319,5.69072,,,,,,,,,2/8/25,22:33.4,2025-02-07T19:22:33.4290000-06:00,2025-02-08T01:22:33.4290000Z,,v3,,,,,100000000000.0,Right,CEN_ARK,f4413faa-fbfa-4951-ad28-6cb2d8aa1683,37.88715,-96.63614,9.86274,1.67498,12.08791,-21.74048,-0.4173,1.8119,2.10472,,,,,,,,,,,,,,,,,,,,,,,,,,,,,,,,,,,,,,,,,,,,,,,,,,,High,High,High,,,,,,d55e557d-83dc-4981-ad55-869a454acb17,,,,,,,,,,,,,,,,,,,,,,,,,,,,,,,,1.0,1.0,1.0,1.0,0.0
49,2/7/25,23:09.7,7.0,1.0,,100000000000.0,Right,CEN_ARK,,100000000000.0,Left,LSU_TIG,Undefined,2.0,Bottom,2.0,0.0,0.0,Curveball,,BallCalled,Undefined,Undefined,Undefined,0.0,0.0,0.055,0.034661478,66.07274,3.495449,0.465157,1431.395006,221.562931,1:30,1.6607,0.47183,5.25434,-28.30478,1.65012,0.63004,1.52114,0.81928,60.16914,-4.180206,0.630556,0.393917,,,,,,,,,,,,-0.47984,0.98941,-0.376,50.0,0.69566,-0.7348,-99.28031,9.69316,-0.45929,21.96036,-31.22706,LSU_TIG,CEN_ARK,LSUSoftball,D1,SEC,20250207-LSUSoftball-2,42069f30-e5bb-11ef-a81c-f96fdfcd56f7,95.68616,5.9036,,,,,,,,,2/8/25,23:09.7,2025-02-07T19:23:09.7350000-06:00,2025-02-08T01:23:09.7350000Z,,v3,,,,,100000000000.0,Right,CEN_ARK,f4413faa-fbfa-4951-ad28-6cb2d8aa1683,37.73985,-96.53034,10.98018,1.66464,5.78277,-15.61353,-0.47161,-0.79232,-0.22964,,,,,,,,,,,,,,,,,,,,,,,,,,,,,,,,,,,,,,,,,,,,,,,,,,,High,High,High,,,,,,a3424f1a-e80d-4a04-9018-d46ee8414154,,,,,,,,,,,,,,,,,,,,,,,,,,,,,,,,0.0,0.0,0.0,1.0,0.0
50,2/7/25,23:30.0,7.0,2.0,,100000000000.0,Right,CEN_ARK,,100000000000.0,Left,LSU_TIG,Undefined,2.0,Bottom,2.0,1.0,0.0,Curveball,,FoulBallNotFieldable,Undefined,Undefined,Undefined,0.0,0.0,-0.03,-0.049712949,66.93904,4.783214,-1.149206,1176.143505,29.662332,7:00,1.69738,0.37613,5.30766,-35.57876,-6.66414,-4.26547,1.76857,-0.70702,61.47646,-4.774361,-2.26946,0.387017,,,,,,,,,,,,4.17095,-8.47233,-0.59523,50.0,0.39486,1.49573,-100.31584,13.04117,4.12289,20.75581,-40.54879,LSU_TIG,CEN_ARK,LSUSoftball,D1,SEC,20250207-LSUSoftball-2,4e15c7b0-e5bb-11ef-a81c-f96fdfcd56f7,97.3922,5.46259,,,,,,,,,2/8/25,23:30.0,2025-02-07T19:23:29.9730000-06:00,2025-02-08T01:23:29.9730000Z,,v3,,,,,100000000000.0,Right,CEN_ARK,f4413faa-fbfa-4951-ad28-6cb2d8aa1683,37.69027,-97.73572,10.3779,1.70269,8.00062,-20.27439,-0.37744,2.00824,2.06145,,,,,,,,,,,,,,,,,,,,,,,,,,,,,,,,,,,,,,,,,,,,,,,,,,,High,High,High,,,,,,6d7a30e2-6add-4f98-aad7-846532b84e27,,,,,,,,,,,,,,,,,,,,,,,,,,,,,,,,1.0,1.0,0.0,1.0,0.0
51,2/7/25,23:54.5,7.0,3.0,,100000000000.0,Right,CEN_ARK,,100000000000.0,Left,LSU_TIG,Undefined,2.0,Bottom,2.0,1.0,1.0,Screwball,,BallCalled,Undefined,Undefined,Undefined,0.0,0.0,0.055,0.04675563,65.38583,4.436102,1.372827,1431.189912,293.682058,3:45,1.66641,0.47751,5.42825,-29.91364,0.20339,1.50362,1.97933,1.46927,59.95315,-3.675846,1.768978,0.394982,,,,,,,,,,,,-1.1078,-0.80776,-0.18916,50.0,0.46216,-2.17191,-97.97753,11.51719,-1.04455,19.80252,-32.9357,LSU_TIG,CEN_ARK,LSUSoftball,D1,SEC,20250207-LSUSoftball-2,5cb4e9e0-e5bb-11ef-a81c-f96fdfcd56f7,95.42818,5.43267,,,,,,,,,2/8/25,23:54.5,2025-02-07T19:23:54.4820000-06:00,2025-02-08T01:23:54.4820000Z,,v3,,,,,100000000000.0,Right,CEN_ARK,f4413faa-fbfa-4951-ad28-6cb2d8aa1683,37.56715,-95.43161,9.90126,1.67068,7.2828,-16.46785,-0.47702,-2.3062,-0.52228,,,,,,,,,,,,,,,,,,,,,,,,,,,,,,,,,,,,,,,,,,,,,,,,,,,High,High,High,,,,,,37b8c084-96b7-4734-a3e2-f40b0480a686,,,,,,,,,,,,,,,,,,,,,,,,,,,,,,,,0.0,0.0,0.0,0.0,0.0
52,2/7/25,24:26.3,7.0,4.0,,100000000000.0,Right,CEN_ARK,,100000000000.0,Left,LSU_TIG,Undefined,2.0,Bottom,2.0,2.0,1.0,Dropball,,InPlay,Undefined,LineDrive,Single,0.0,1.0,0.5888,0.436560945,68.1877,4.806072,0.622064,1284.498112,16.91507,6:30,1.7105,0.50521,5.27759,-34.49167,-6.86567,-2.30288,1.88894,0.7075,63.17996,-4.428144,0.017448,0.378295,63.4326,9.62713,-26.804151,1418.186881,,,,98.50137,96.92484,-32.219848,1.200651,2.68945,-8.58619,-0.35631,50.0,0.40946,-1.39719,-101.93489,13.21708,2.78552,19.19949,-41.06697,LSU_TIG,CEN_ARK,LSUSoftball,D1,SEC,20250207-LSUSoftball-2,6fa2a5b0-e5bb-11ef-a81c-f96fdfcd56f7,99.63767,5.00774,,,,5.96852,,0.67822,1.84875,-0.70023,2/8/25,24:26.3,2025-02-07T19:24:26.3170000-06:00,2025-02-08T01:24:26.3170000Z,,v3,,,,,100000000000.0,Right,CEN_ARK,f4413faa-fbfa-4951-ad28-6cb2d8aa1683,37.72106,-99.5953,9.59975,1.71515,8.21278,-20.53348,-0.50589,-1.05775,1.39276,111.329485,0.67822,81.86865,-12.93546,2.17041,-0.42512,0.06167,-0.00822,0.00126,-0.00012,1.84875,15.55865,-15.07258,0.74807,-0.062,0.01313,0.00029,-0.00019,-1e-05,-0.70023,-41.36228,-2.3631,1.02445,-0.32197,0.07403,-0.01553,0.0026,-0.00025,,,,,,,,,,,,,,,,,,,,,,,High,High,High,High,High,,,,98b24ab8-aaf7-499c-a712-2924eb5997f3,,,,,,,,,,,,,,,,,,,,,,,,,,,,,,,,1.0,1.0,1.0,1.0,0.0
53,2/7/25,25:29.7,8.0,1.0,,100000000000.0,Right,CEN_ARK,,100000000000.0,Right,LSU_TIG,Undefined,2.0,Bottom,2.0,0.0,0.0,Changeup,,BallCalled,Undefined,Undefined,Undefined,0.0,0.0,0.055,0.034661478,52.1068,7.143937,1.098489,1022.344709,45.031071,7:30,1.67614,0.29018,5.35169,-53.38869,-5.09481,-6.58839,1.76905,0.43588,47.53909,-7.239015,-0.630698,0.50017,,,,,,,,,,,,7.39197,-7.12559,-0.01554,50.0,-0.2743,-2.07795,-77.87109,15.11279,4.36642,13.23603,-36.38313,LSU_TIG,CEN_ARK,LSUSoftball,D1,SEC,20250207-LSUSoftball-2,958d5f90-e5bb-11ef-a81c-f96fdfcd56f7,75.35928,4.56771,,,,,,,,,2/8/25,25:29.7,2025-02-07T19:25:29.7117516-06:00,2025-02-08T01:25:29.7117516Z,,v3,,,,,100000000000.0,Right,CEN_ARK,f4413faa-fbfa-4951-ad28-6cb2d8aa1683,37.6456,-75.74206,6.61802,1.68593,9.26053,-18.19157,-0.29329,-1.37561,2.18321,,,,,,,,,,,,,,,,,,,,,,,,,,,,,,,,,,,,,,,,,,,,,,,,,,,High,High,High,,,,,,c1454e5b-5039-410f-8664-49ae1e953083,,,,,,,,,,,,,,,,,,,,,,,,,,,,,,,,1.0,0.0,0.0,1.0,0.0
54,2/7/25,25:49.4,8.0,2.0,,100000000000.0,Right,CEN_ARK,,100000000000.0,Right,LSU_TIG,Undefined,2.0,Bottom,1.0,1.0,0.0,Curveball,,StrikeCalled,Undefined,Undefined,Undefined,0.0,0.0,-0.06,-0.047682132,67.80239,6.19736,-1.083641,1314.347166,26.100294,6:45,1.66317,0.23716,5.32998,-36.53911,-8.30292,-4.46051,2.55565,-0.8203,62.11492,-3.60005,-2.254144,0.38245,,,,,,,,,,,,4.33851,-10.43103,-0.44387,50.0,0.05473,1.39085,-101.32738,15.74655,4.38652,20.80024,-42.72046,LSU_TIG,CEN_ARK,LSUSoftball,D1,SEC,20250207-LSUSoftball-2,a13cdbe0-e5bb-11ef-a81c-f96fdfcd56f7,98.55523,5.68747,,,,,,,,,2/8/25,25:49.4,2025-02-07T19:25:49.4560000-06:00,2025-02-08T01:25:49.4560000Z,,v3,,,,,100000000000.0,Right,CEN_ARK,f4413faa-fbfa-4951-ad28-6cb2d8aa1683,37.66768,-98.76339,10.40012,1.6712,10.48051,-21.36023,-0.2391,1.93156,2.19326,,,,,,,,,,,,,,,,,,,,,,,,,,,,,,,,,,,,,,,,,,,,,,,,,,,High,High,High,,,,,,d1450fd0-8caf-4bee-8fb8-24c02b579cd5,,,,,,,,,,,,,,,,,,,,,,,,,,,,,,,,0.0,0.0,0.0,1.0,0.0
55,2/7/25,26:12.3,8.0,3.0,,100000000000.0,Right,CEN_ARK,,100000000000.0,Right,LSU_TIG,Undefined,2.0,Bottom,2.0,1.0,1.0,Screwball,,InPlay,Undefined,GroundBall,Out,1.0,0.0,-0.375,-0.240500736,64.97096,5.57713,0.39328,1400.89008,79.482481,8:45,1.67901,0.45369,5.15566,-30.50395,0.6626,-1.43295,2.6942,0.58432,59.19536,-2.642829,0.018703,0.401806,63.36372,-29.460539,-42.501057,,,,,6.98227,6.03452,-32.542855,0.064083,1.68307,-0.96161,-0.36128,50.0,0.25814,-0.83167,-97.26377,13.33586,1.55572,20.23632,-33.0629,LSU_TIG,CEN_ARK,LSUSoftball,D1,SEC,20250207-LSUSoftball-2,aed95b20-e5bb-11ef-a81c-f96fdfcd56f7,93.80764,5.7756,,,,2.94431,,2.04304,2.94431,-0.23445,2/8/25,26:12.3,2025-02-07T19:26:12.3440000-06:00,2025-02-08T01:26:12.3440000Z,,v3,,,,,100000000000.0,Right,CEN_ARK,f4413faa-fbfa-4951-ad28-6cb2d8aa1683,37.84062,-94.70016,10.11816,1.68227,9.14732,-16.53145,-0.45416,-0.63459,0.77786,,2.03983,59.96855,,,,,,,,2.94677,-45.94559,,,,,,,,-0.2315,-54.95309,,,,,,,,,,,,,,,,,,,,,,,,,,,,,,High,High,High,Low,Low,,,,3c2c7520-3f0a-4019-bd90-665aa666ba07,,,,,,,,,,,,,,,,,,,,,,,,,,,,,,,,1.0,1.0,0.0,1.0,0.0
56,2/7/25,28:40.9,1.0,1.0,,100000000000.0,Right,LSU_TIG,,100000000000.0,Left,CEN_ARK,Undefined,3.0,Top,0.0,0.0,0.0,Dropball,,BallCalled,Undefined,Undefined,Undefined,0.0,0.0,0.055,0.034661478,64.0731,4.633879,1.500704,1296.363474,7.194211,6:15,2.05603,0.92573,5.07533,-43.28593,-11.26087,-1.53988,1.409,1.75386,58.86528,-6.894661,1.09854,0.407302,,,,,,,,,,,,2.17996,-12.91749,-0.60068,50.0,0.77838,-2.68316,-96.0684,12.89612,1.97008,19.4518,-43.84793,LSU_TIG,CEN_ARK,LSUSoftball,D1,SEC,20250207-LSUSoftball-2,076c86e0-e5bc-11ef-a81c-f96fdfcd56f7,92.54179,5.20782,,,,,,,,,2/8/25,28:40.9,2025-02-07T19:28:40.9158988-06:00,2025-02-08T01:28:40.9158988Z,,v3,,,,,100000000000.0,Right,LSU_TIG,f4413faa-fbfa-4951-ad28-6cb2d8aa1683,37.92348,-93.59122,9.7259,2.06513,7.31211,-21.92396,-0.9264,-2.43227,0.98504,,,,,,,,,,,,,,,,,,,,,,,,,,,,,,,,,,,,,,,,,,,,,,,,,,,High,High,High,,,,,,41296e1d-04d1-43c0-b0e7-71ae27b41aff,,,,,,,,,,,,,,,,,,,,,,,,,,,,,,,,0.0,0.0,0.0,0.0,0.0
57,2/7/25,28:58.0,1.0,2.0,,100000000000.0,Right,LSU_TIG,,100000000000.0,Left,CEN_ARK,Undefined,3.0,Top,0.0,1.0,0.0,Riseball,,StrikeSwinging,Undefined,Undefined,Undefined,0.0,0.0,-0.12,-0.050102428,56.93445,2.90289,0.478769,2147.608498,178.743137,12:00,2.16922,0.68666,5.13507,-24.17379,16.34296,-0.3313,2.00305,0.96362,51.96859,-3.747021,0.392102,0.45813,,,,,,,,,,,,0.53295,16.91753,-0.58341,50.0,1.34724,-0.74556,-85.4317,7.15058,0.37939,15.79776,-20.13091,LSU_TIG,CEN_ARK,LSUSoftball,D1,SEC,20250207-LSUSoftball-2,11a47e60-e5bc-11ef-a81c-f96fdfcd56f7,82.27455,4.96587,,,,,,,,,2/8/25,28:58.0,2025-02-07T19:28:57.9812684-06:00,2025-02-08T01:28:57.9812684Z,,v3,,,,,100000000000.0,Right,LSU_TIG,f4413faa-fbfa-4951-ad28-6cb2d8aa1683,37.85627,-83.1558,7.89888,2.16848,4.25043,-10.06546,-0.68688,-0.69091,0.18969,,,,,,,,,,,,,,,,,,,,,,,,,,,,,,,,,,,,,,,,,,,,,,,,,,,High,High,High,,,,,,23546a59-05df-4a96-8de7-8322c9f17ed9,,,,,,,,,,,,,,,,,,,,,,,,,,,,,,,,0.0,1.0,0.0,1.0,0.0
58,2/7/25,29:15.6,1.0,3.0,,100000000000.0,Right,LSU_TIG,,100000000000.0,Left,CEN_ARK,Undefined,3.0,Top,0.0,1.0,1.0,Riseball,,InPlay,Undefined,Popup,Out,1.0,0.0,-0.375,-0.240500736,57.26957,5.075938,0.701751,2205.458205,184.748042,12:15,2.20979,0.73239,5.3929,-24.17509,15.45324,1.18705,3.41005,1.27459,52.13275,-1.611042,1.014126,0.453079,,,,,,,,,,,,-1.01098,15.34891,-0.58843,50.0,0.89221,-0.92763,-85.82175,10.54234,-0.72572,16.02609,-21.15629,LSU_TIG,CEN_ARK,LSUSoftball,D1,SEC,20250207-LSUSoftball-2,1c2035a0-e5bc-11ef-a81c-f96fdfcd56f7,83.19171,5.13682,,,,,,,,,2/8/25,29:15.6,2025-02-07T19:29:15.6209996-06:00,2025-02-08T01:29:15.6209996Z,,v3,,,,,100000000000.0,Right,LSU_TIG,f4413faa-fbfa-4951-ad28-6cb2d8aa1683,37.60125,-83.47434,8.01304,2.20944,7.44349,-10.57814,-0.73209,-1.03393,-0.36286,,,,,,,,,,,,,,,,,,,,,,,,,,,,,,,,,,,,,,,,,,,,,,,,,,,High,High,High,,,,,,09f64095-70a4-45ff-9e03-fdcbee20a092,,,,,,,,,,,,,,,,,,,,,,,,,,,,,,,,0.0,1.0,0.0,0.0,0.0
59,2/7/25,29:46.7,2.0,1.0,,100000000000.0,Right,LSU_TIG,,100000000000.0,Left,CEN_ARK,Undefined,3.0,Top,1.0,0.0,0.0,Fastball,,BallCalled,Undefined,Undefined,Undefined,0.0,0.0,0.055,0.034661478,65.50246,5.800435,2.005383,1517.076747,26.29237,7:00,2.11507,0.87606,4.93284,-36.429,-5.69926,-3.21996,2.80472,1.89105,60.3651,-3.86687,1.169726,0.39898,,,,,,,,,,,,4.01544,-7.2465,-0.44049,50.0,0.64914,-3.77062,-97.65437,14.32739,3.80799,17.95166,-39.04615,LSU_TIG,CEN_ARK,LSUSoftball,D1,SEC,20250207-LSUSoftball-2,2ea592b0-e5bc-11ef-a81c-f96fdfcd56f7,94.47204,5.13736,,,,,,,,,2/8/25,29:46.7,2025-02-07T19:29:46.6850000-06:00,2025-02-08T01:29:46.6850000Z,,v3,,,,,100000000000.0,Right,LSU_TIG,f4413faa-fbfa-4951-ad28-6cb2d8aa1683,38.06457,-95.43508,8.97583,2.122,9.50028,-19.52308,-0.87754,-3.29986,1.90399,,,,,,,,,,,,,,,,,,,,,,,,,,,,,,,,,,,,,,,,,,,,,,,,,,,High,High,High,,,,,,9289ace4-0321-4881-908e-20cec6ca3bab,,,,,,,,,,,,,,,,,,,,,,,,,,,,,,,,0.0,0.0,0.0,0.0,0.0
60,2/7/25,30:03.5,2.0,2.0,,100000000000.0,Right,LSU_TIG,,100000000000.0,Left,CEN_ARK,Undefined,3.0,Top,1.0,1.0,0.0,Dropball,,StrikeCalled,Undefined,Undefined,Undefined,0.0,0.0,-0.06,-0.047682132,65.01724,6.020207,0.108566,1386.594584,7.307627,6:15,2.10904,0.7475,5.14119,-42.20892,-11.2332,-1.55315,2.43488,0.68713,59.68369,-5.228702,-0.297274,0.400573,,,,,,,,,,,,1.66433,-13.238,-0.71588,50.0,0.53606,-0.3538,-97.20527,15.32974,1.54937,19.0746,-44.49773,LSU_TIG,CEN_ARK,LSUSoftball,D1,SEC,20250207-LSUSoftball-2,38b2d0b0-e5bc-11ef-a81c-f96fdfcd56f7,94.09622,5.33354,,,,,,,,,2/8/25,30:03.5,2025-02-07T19:30:03.5478348-06:00,2025-02-08T01:30:03.5478348Z,,v3,,,,,100000000000.0,Right,LSU_TIG,f4413faa-fbfa-4951-ad28-6cb2d8aa1683,37.85769,-94.79264,9.5373,2.11908,9.7015,-22.24887,-0.74823,-0.15783,0.77469,,,,,,,,,,,,,,,,,,,,,,,,,,,,,,,,,,,,,,,,,,,,,,,,,,,High,High,High,,,,,,b55b989f-8fcd-4c3c-9649-70e10abc35e4,,,,,,,,,,,,,,,,,,,,,,,,,,,,,,,,1.0,0.0,0.0,1.0,0.0
61,2/7/25,30:21.0,2.0,3.0,,100000000000.0,Right,LSU_TIG,,100000000000.0,Left,CEN_ARK,Undefined,3.0,Top,1.0,1.0,1.0,Riseball,,InPlay,Undefined,Popup,Out,1.0,0.0,-0.375,-0.240500736,56.83965,3.004918,0.249615,2124.268968,166.684243,11:30,2.09302,0.71147,5.15645,-24.75604,15.78977,-3.44752,1.94223,0.58288,51.96131,-3.796207,-0.652727,0.458294,42.20866,87.33669,-142.097541,2703.061641,,,,,2.39676,,,3.79083,16.35843,-0.63674,50.0,1.24535,-0.71917,-85.35472,7.35111,2.69278,15.80664,-20.55405,LSU_TIG,CEN_ARK,LSUSoftball,D1,SEC,20250207-LSUSoftball-2,431ef790-e5bc-11ef-a81c-f96fdfcd56f7,82.24508,4.87834,,,,16.63362,,2.93332,2.10278,-0.57076,2/8/25,30:21.0,2025-02-07T19:30:21.0368332-06:00,2025-02-08T01:30:21.0368332Z,,v3,,,,,100000000000.0,Right,LSU_TIG,f4413faa-fbfa-4951-ad28-6cb2d8aa1683,37.83798,-83.07194,7.90332,2.09264,4.38271,-10.27702,-0.71252,-0.33028,1.34639,0.788144,2.93484,-2.34829,-3.01907,,,,,,,2.10521,61.71432,-22.24061,,,,,,,-0.57017,-1.79769,-1.12829,,,,,,,,,,,,,,,,,,,,,,,,,,,,,High,High,High,Medium,Undefined,,,,c10a3ed8-f5c5-486f-8940-d6aa9150731e,,,,,,,,,,,,,,,,,,,,,,,,,,,,,,,,1.0,1.0,0.0,1.0,0.0
62,2/7/25,30:58.9,3.0,1.0,,100000000000.0,Right,LSU_TIG,,100000000000.0,Right,CEN_ARK,Undefined,3.0,Top,2.0,0.0,0.0,Fastball,,StrikeCalled,Undefined,Undefined,Undefined,0.0,0.0,-0.06,-0.038869499,65.57753,5.231069,-1.313945,1427.288186,47.576337,7:30,2.13408,0.73647,5.12779,-34.79707,-4.55296,-5.84252,2.57287,-0.58658,60.61408,-4.063022,-2.839439,0.395815,,,,,,,,,,,,5.73083,-5.95429,-0.97996,50.0,0.76726,1.58218,-97.93073,13.32725,5.46553,18.05302,-37.85272,LSU_TIG,CEN_ARK,LSUSoftball,D1,SEC,20250207-LSUSoftball-2,59b262d0-e5bc-11ef-a81c-f96fdfcd56f7,95.2275,4.96345,,,,,,,,,2/8/25,30:58.9,2025-02-07T19:30:58.8972364-06:00,2025-02-08T01:30:58.8972364Z,,v3,,,,,100000000000.0,Right,LSU_TIG,f4413faa-fbfa-4951-ad28-6cb2d8aa1683,37.86961,-95.66842,9.02651,2.14014,8.58376,-18.92636,-0.73878,2.26709,2.73277,,,,,,,,,,,,,,,,,,,,,,,,,,,,,,,,,,,,,,,,,,,,,,,,,,,High,High,High,,,,,,1f040391-e1d7-4189-93c8-39b0e0e7424e,,,,,,,,,,,,,,,,,,,,,,,,,,,,,,,,1.0,0.0,0.0,1.0,0.0
63,2/7/25,31:14.9,3.0,2.0,,100000000000.0,Right,LSU_TIG,,100000000000.0,Right,CEN_ARK,Undefined,3.0,Top,2.0,0.0,1.0,Dropball,,StrikeSwinging,Undefined,Undefined,Undefined,0.0,0.0,-0.12,-0.056472118,64.6156,4.70737,-0.807087,1342.258937,7.524836,6:15,2.08001,0.8755,5.06779,-44.10388,-12.63654,-1.79004,1.41185,0.21193,59.4268,-7.026933,-1.274727,0.40374,,,,,,,,,,,,1.58138,-14.44706,-1.03522,50.0,0.78208,1.1687,-96.89943,13.22787,1.45505,19.68823,-45.46705,LSU_TIG,CEN_ARK,LSUSoftball,D1,SEC,20250207-LSUSoftball-2,63369ab0-e5bc-11ef-a81c-f96fdfcd56f7,93.35827,5.1888,,,,,,,,,2/8/25,31:14.9,2025-02-07T19:31:14.9124428-06:00,2025-02-08T01:31:14.9124428Z,,v3,,,,,100000000000.0,Right,LSU_TIG,f4413faa-fbfa-4951-ad28-6cb2d8aa1683,37.93163,-94.41552,9.84412,2.08909,7.49164,-22.73353,-0.8762,1.35227,0.72753,,,,,,,,,,,,,,,,,,,,,,,,,,,,,,,,,,,,,,,,,,,,,,,,,,,High,High,High,,,,,,e2bd29a5-a299-4602-9864-fbfd90c4a7c6,,,,,,,,,,,,,,,,,,,,,,,,,,,,,,,,0.0,1.0,0.0,1.0,0.0
64,2/7/25,31:32.0,3.0,3.0,,100000000000.0,Right,LSU_TIG,,100000000000.0,Right,CEN_ARK,Undefined,3.0,Top,2.0,0.0,2.0,Dropball,,BallCalled,Undefined,Undefined,Undefined,0.0,0.0,0.055,0.021587286,66.31423,3.646659,-1.912545,1394.075652,7.423696,6:15,2.15042,0.68546,4.82935,-40.93754,-10.60166,-1.50008,1.0827,-0.66686,60.88179,-7.188592,-2.301904,0.396415,,,,,,,,,,,,0.82705,-11.94528,-1.07217,50.0,1.12579,3.15889,-99.52508,11.20236,0.79927,21.39521,-43.71832,LSU_TIG,CEN_ARK,LSUSoftball,D1,SEC,20250207-LSUSoftball-2,6d676640-e5bc-11ef-a81c-f96fdfcd56f7,95.08339,5.43243,,,,,,,,,2/8/25,31:32.0,2025-02-07T19:31:32.0340000-06:00,2025-02-08T01:31:32.0340000Z,,v3,,,,,100000000000.0,Right,LSU_TIG,f4413faa-fbfa-4951-ad28-6cb2d8aa1683,38.16903,-96.94838,10.69761,2.15788,5.93722,-21.85916,-0.68594,3.25514,0.39964,,,,,,,,,,,,,,,,,,,,,,,,,,,,,,,,,,,,,,,,,,,,,,,,,,,High,High,High,,,,,,65f22894-c601-46cd-a661-58c1b3027a3b,,,,,,,,,,,,,,,,,,,,,,,,,,,,,,,,0.0,0.0,0.0,0.0,0.0
65,2/7/25,31:49.5,3.0,4.0,,100000000000.0,Right,LSU_TIG,,100000000000.0,Right,CEN_ARK,Undefined,3.0,Top,2.0,1.0,2.0,Changeup,,StrikeCalled,Strikeout,Undefined,Undefined,0.0,0.0,-0.3802,-0.190443616,55.76029,7.390046,-2.681457,1072.296345,4.939382,6:15,2.07879,0.53882,5.46485,-50.87845,-8.92245,-0.88165,2.52867,-1.22625,50.83238,-6.309674,-2.913049,0.466196,,,,,,,,,,,,-0.10134,-11.40993,-1.1174,50.0,0.07539,3.81329,-83.23645,16.29229,-0.0685,14.97833,-39.88579,LSU_TIG,CEN_ARK,LSUSoftball,D1,SEC,20250207-LSUSoftball-2,77e34490-e5bc-11ef-a81c-f96fdfcd56f7,80.85109,4.92791,,,,,,,,,2/8/25,31:49.5,2025-02-07T19:31:49.5095116-06:00,2025-02-08T01:31:49.5095116Z,,v3,,,,,100000000000.0,Right,LSU_TIG,f4413faa-fbfa-4951-ad28-6cb2d8aa1683,37.53345,-80.96203,7.48917,2.0895,10.23573,-19.9429,-0.53915,3.80289,-0.03425,,,,,,,,,,,,,,,,,,,,,,,,,,,,,,,,,,,,,,,,,,,,,,,,,,,High,High,High,,,,,,9ea94e6c-5d2d-4e31-8005-f28052cc6dd2,,,,,,,,,,,,,,,,,,,,,,,,,,,,,,,,0.0,0.0,0.0,0.0,0.0
66,2/7/25,34:09.7,1.0,1.0,,100000000000.0,Right,CEN_ARK,,100000000000.0,Left,LSU_TIG,Undefined,3.0,Bottom,0.0,0.0,0.0,Dropball,,InPlay,Undefined,GroundBall,Out,1.0,0.0,-0.375,-0.252884042,66.67577,5.915234,0.973001,1284.102997,27.271194,7:00,1.6491,0.5497,5.21577,-36.52565,-7.39603,-4.20402,2.37386,0.81702,61.55046,-3.839841,-0.127388,0.388453,64.78114,-44.694999,-1.771943,,,,,3.75916,3.75916,-13.703611,0.035226,4.8261,-9.43048,-0.31495,50.0,0.10566,-2.19616,-99.50039,15.04438,4.75643,18.48313,-41.46836,LSU_TIG,CEN_ARK,LSUSoftball,D1,SEC,20250207-LSUSoftball-2,cb628ae0-e5bc-11ef-a81c-f96fdfcd56f7,97.03212,5.12531,,,,2.36358,,1.26442,2.36358,-0.81668,2/8/25,34:09.7,2025-02-07T19:34:09.6990000-06:00,2025-02-08T01:34:09.6990000Z,,v3,,,,,100000000000.0,Right,CEN_ARK,f4413faa-fbfa-4951-ad28-6cb2d8aa1683,37.78293,-97.20447,9.24156,1.6545,9.89329,-20.73418,-0.55105,-1.60533,2.37822,,1.26286,67.78274,,,,,,,,2.36512,-67.09698,,,,,,,,-0.81663,-2.09693,,,,,,,,,,,,,,,,,,,,,,,,,,,,,,High,High,High,Estimated,Estimated,,,,fa4ad137-6bce-41bf-8d56-97267560550f,,,,,,,,,,,,,,,,,,,,,,,,,,,,,,,,0.0,1.0,0.0,1.0,0.0
67,2/7/25,34:40.6,2.0,1.0,,100000000000.0,Right,CEN_ARK,,100000000000.0,Right,LSU_TIG,Undefined,3.0,Bottom,1.0,0.0,0.0,Dropball,,BallCalled,Undefined,Undefined,Undefined,0.0,0.0,0.055,0.034661478,67.01991,4.697406,-0.951068,1230.423333,25.971634,6:45,1.69531,0.22131,5.11597,-36.97671,-7.97689,-4.26733,1.61085,-0.73969,61.87094,-5.164079,-2.0662,0.387587,,,,,,,,,,,,4.18418,-9.51898,-0.39691,50.0,0.43302,1.16824,-100.29043,12.92414,4.16513,19.64112,-41.6497,LSU_TIG,CEN_ARK,LSUSoftball,D1,SEC,20250207-LSUSoftball-2,ddd45ff0-e5bc-11ef-a81c-f96fdfcd56f7,97.249,5.14898,,,,,,,,,2/8/25,34:40.6,2025-02-07T19:34:40.6340000-06:00,2025-02-08T01:34:40.6340000Z,,v3,,,,,100000000000.0,Right,CEN_ARK,f4413faa-fbfa-4951-ad28-6cb2d8aa1683,37.88227,-97.8885,9.82056,1.70209,7.83077,-20.82485,-0.2229,1.6776,2.08257,,,,,,,,,,,,,,,,,,,,,,,,,,,,,,,,,,,,,,,,,,,,,,,,,,,High,High,High,,,,,,893a0053-2a0e-47e5-946b-b91ff0e35b13,,,,,,,,,,,,,,,,,,,,,,,,,,,,,,,,0.0,0.0,0.0,1.0,0.0
68,2/7/25,34:59.6,2.0,2.0,,100000000000.0,Right,CEN_ARK,,100000000000.0,Right,LSU_TIG,Undefined,3.0,Bottom,1.0,1.0,0.0,Dropball,,BallCalled,Undefined,Undefined,Undefined,0.0,0.0,0.055,0.059995278,67.3261,3.98447,-0.273174,1285.683471,25.607337,6:45,1.6645,0.08888,5.12319,-35.24128,-6.73843,-3.57398,1.26739,-0.38278,62.57905,-5.411701,-1.208317,0.384251,,,,,,,,,,,,3.70981,-7.94441,-0.12443,50.0,0.55957,0.05308,-100.70545,11.57022,3.75475,18.55672,-40.21475,LSU_TIG,CEN_ARK,LSUSoftball,D1,SEC,20250207-LSUSoftball-2,e91aba30-e5bc-11ef-a81c-f96fdfcd56f7,98.09319,4.74704,,,,,,,,,2/8/25,34:59.5,2025-02-07T19:34:59.5510000-06:00,2025-02-08T01:34:59.5510000Z,,v3,,,,,100000000000.0,Right,CEN_ARK,f4413faa-fbfa-4951-ad28-6cb2d8aa1683,37.8752,-98.4459,9.27836,1.67029,6.67348,-20.10738,-0.09013,0.51027,1.87738,,,,,,,,,,,,,,,,,,,,,,,,,,,,,,,,,,,,,,,,,,,,,,,,,,,High,High,High,,,,,,f8136fee-9336-4d6a-b6a9-f388205fc384,,,,,,,,,,,,,,,,,,,,,,,,,,,,,,,,0.0,0.0,0.0,1.0,0.0
69,2/7/25,35:18.0,2.0,3.0,,100000000000.0,Right,CEN_ARK,,100000000000.0,Right,LSU_TIG,Undefined,3.0,Bottom,1.0,2.0,0.0,Changeup,,StrikeCalled,Undefined,Undefined,Undefined,0.0,0.0,-0.06,-0.060724975,52.94774,7.336368,1.182623,1064.216872,33.269219,7:00,1.66896,0.34039,5.34671,-53.19475,-6.63248,-5.24264,1.90248,0.65156,48.51394,-6.957143,-0.192794,0.491121,,,,,,,,,,,,5.98244,-8.73284,-0.05491,50.0,-0.3224,-2.10841,-79.00269,15.60919,3.66532,12.93147,-37.52449,LSU_TIG,CEN_ARK,LSUSoftball,D1,SEC,20250207-LSUSoftball-2,f4341100-e5bc-11ef-a81c-f96fdfcd56f7,76.7478,4.4338,,,,,,,,,2/8/25,35:18.0,2025-02-07T19:35:18.0271948-06:00,2025-02-08T01:35:18.0271948Z,,v3,,,,,100000000000.0,Right,CEN_ARK,f4413faa-fbfa-4951-ad28-6cb2d8aa1683,37.65157,-76.95491,6.46574,1.67892,9.66696,-18.76224,-0.34283,-1.52798,1.83266,,,,,,,,,,,,,,,,,,,,,,,,,,,,,,,,,,,,,,,,,,,,,,,,,,,High,High,High,,,,,,f4a2d05c-8ed4-4594-949e-c61f112999ca,,,,,,,,,,,,,,,,,,,,,,,,,,,,,,,,1.0,0.0,0.0,1.0,0.0
70,2/7/25,35:37.4,2.0,4.0,,100000000000.0,Right,CEN_ARK,,100000000000.0,Right,LSU_TIG,Undefined,3.0,Bottom,1.0,2.0,1.0,Curveball,,InPlay,Undefined,GroundBall,Out,1.0,0.0,-0.375,-0.291112684,67.0738,4.771688,0.589505,1248.036,36.04565,7:15,1.68296,0.26969,4.88549,-36.06781,-6.80307,-5.51855,1.74083,0.1874,61.97965,-4.79157,-0.844178,0.389353,79.33047,-12.47054,-7.783102,,,,,9.59785,9.59785,-7.231587,0.067402,6.03099,-8.37457,-0.11393,50.0,0.4356,-1.67346,-100.26687,12.87263,6.02064,19.14251,-40.53423,LSU_TIG,CEN_ARK,LSUSoftball,D1,SEC,20250207-LSUSoftball-2,ffa747a0-e5bc-11ef-a81c-f96fdfcd56f7,96.80785,5.09415,,,,1.69644,,1.92136,1.69644,-0.16937,2/8/25,35:37.4,2025-02-07T19:35:37.4060000-06:00,2025-02-08T01:35:37.4060000Z,,v3,,,,,100000000000.0,Right,CEN_ARK,f4413faa-fbfa-4951-ad28-6cb2d8aa1683,38.11308,-97.97119,9.57126,1.68788,8.01153,-20.26712,-0.27133,-0.95143,3.01032,180.0,1.9192,112.75867,,,,,,,,1.69692,-25.16904,,,,,,,,-0.16908,-15.41214,,,,,,,,,,,,,,,,,,,,,,,,,,,,,,High,High,High,Low,Low,,,,8c4cb01d-a64b-4e43-bdf3-89f18d570c11,,,,,,,,,,,,,,,,,,,,,,,,,,,,,,,,1.0,1.0,0.0,1.0,0.0
71,2/7/25,36:11.3,3.0,1.0,,100000000000.0,Right,CEN_ARK,,100000000000.0,Right,LSU_TIG,Undefined,3.0,Bottom,2.0,0.0,0.0,Screwball,,BallCalled,Undefined,Undefined,Undefined,0.0,0.0,0.055,0.034661478,64.68246,5.181258,1.745828,1481.232921,58.73822,8:00,1.63079,0.53701,5.31879,-30.70136,0.14984,-1.11642,2.36226,1.54932,59.54921,-3.098387,1.452848,0.399767,,,,,,,,,,,,1.77539,-0.94827,-0.15481,50.0,0.27235,-3.07136,-96.60797,12.69239,1.64322,17.94789,-33.05175,LSU_TIG,CEN_ARK,LSUSoftball,D1,SEC,20250207-LSUSoftball-2,13e59f50-e5bd-11ef-a81c-f96fdfcd56f7,94.28592,5.13325,,,,,,,,,2/8/25,36:11.3,2025-02-07T19:36:11.3460000-06:00,2025-02-08T01:36:11.3460000Z,,v3,,,,,100000000000.0,Right,CEN_ARK,f4413faa-fbfa-4951-ad28-6cb2d8aa1683,37.67654,-94.29071,8.97394,1.63559,8.42508,-16.52587,-0.53765,-2.8592,0.82161,,,,,,,,,,,,,,,,,,,,,,,,,,,,,,,,,,,,,,,,,,,,,,,,,,,High,High,High,,,,,,84967160-12d2-410e-9df2-32a2ef7caf23,,,,,,,,,,,,,,,,,,,,,,,,,,,,,,,,0.0,0.0,0.0,0.0,0.0
72,2/7/25,36:31.9,3.0,2.0,,100000000000.0,Right,CEN_ARK,,100000000000.0,Right,LSU_TIG,Undefined,3.0,Bottom,2.0,1.0,0.0,Dropball,,StrikeCalled,Undefined,Undefined,Undefined,0.0,0.0,-0.06,-0.047682132,67.05777,6.478028,-0.72419,1241.835011,21.6609,6:45,1.73092,0.19251,4.78429,-39.36664,-9.66922,-4.16858,2.62915,-0.62002,61.54164,-3.907788,-1.801886,0.392221,,,,,,,,,,,,4.03693,-11.56386,-0.32023,50.0,0.1393,0.81692,-99.99203,16.02216,3.99325,19.57687,-43.61275,LSU_TIG,CEN_ARK,LSUSoftball,D1,SEC,20250207-LSUSoftball-2,202a56c0-e5bd-11ef-a81c-f96fdfcd56f7,96.10001,5.51613,,,,,,,,,2/8/25,36:31.9,2025-02-07T19:36:31.8984012-06:00,2025-02-08T01:36:31.8984012Z,,v3,,,,,100000000000.0,Right,CEN_ARK,f4413faa-fbfa-4951-ad28-6cb2d8aa1683,38.21401,-97.65726,9.78844,1.73997,10.82083,-21.80638,-0.19441,1.29317,1.99663,,,,,,,,,,,,,,,,,,,,,,,,,,,,,,,,,,,,,,,,,,,,,,,,,,,High,High,High,,,,,,5d4e7fd8-4887-445d-9f20-eba23d1f4fdc,,,,,,,,,,,,,,,,,,,,,,,,,,,,,,,,1.0,0.0,0.0,1.0,0.0
73,2/7/25,36:50.2,3.0,3.0,,100000000000.0,Right,CEN_ARK,,100000000000.0,Right,LSU_TIG,Undefined,3.0,Bottom,2.0,1.0,1.0,Screwball,,InPlay,Undefined,GroundBall,Out,1.0,0.0,-0.375,-0.240500736,63.95848,5.705094,0.795667,1596.125305,126.645183,10:15,1.73741,0.40887,5.16138,-29.56765,2.15736,-1.82162,2.91248,0.7629,59.0533,-2.236405,0.319562,0.405389,53.52024,9.630924,-16.350587,4193.904053,,,,63.84025,63.84025,-17.103299,0.899234,2.20331,0.95028,-0.22827,50.0,0.28852,-1.53364,-95.3678,13.27248,1.999,16.70031,-31.31188,LSU_TIG,CEN_ARK,LSUSoftball,D1,SEC,20250207-LSUSoftball-2,2b123d50-e5bd-11ef-a81c-f96fdfcd56f7,92.97839,4.90517,,,,5.19435,,0.66075,2.90979,-0.77487,2/8/25,36:50.2,2025-02-07T19:36:50.2300000-06:00,2025-02-08T01:36:50.2300000Z,,v3,,,,,100000000000.0,Right,CEN_ARK,f4413faa-fbfa-4951-ad28-6cb2d8aa1683,37.83517,-93.21321,8.35016,1.74028,9.23279,-15.65594,-0.4095,-1.27574,0.9995,9.4712,0.66075,74.26002,-8.6019,0.90083,-0.20722,0.02932,-0.00462,0.00103,-0.0001,2.90979,13.13249,-19.32503,1.4238,-0.23774,0.05302,-0.00732,0.00117,-0.00018,-0.77487,-21.78634,2.23753,-0.34829,0.06205,-0.01122,0.00166,-0.00035,5e-05,,,,,,,,,,,,,,,,,,,,,,,High,High,High,High,High,,,,224301cb-d117-4577-856a-5d6685decc8c,,,,,,,,,,,,,,,,,,,,,,,,,,,,,,,,0.0,1.0,0.0,1.0,0.0
74,2/7/25,39:20.2,1.0,1.0,,100000000000.0,Right,LSU_TIG,,100000000000.0,Left,CEN_ARK,Undefined,4.0,Top,0.0,0.0,0.0,Changeup,,FoulBallNotFieldable,Undefined,Undefined,Undefined,0.0,0.0,-0.03,-0.042103276,54.93018,6.687964,0.52335,1011.268481,10.075337,6:15,2.03305,0.59791,5.47603,-50.6916,-7.99867,-1.63445,2.0429,0.79153,50.55269,-6.967605,0.092561,0.470272,,,,,,,,,,,,1.98465,-10.73209,-0.47219,50.0,0.15398,-0.92057,-82.09034,15.26406,1.31684,13.66456,-39.295,LSU_TIG,CEN_ARK,LSUSoftball,D1,SEC,20250207-LSUSoftball-2,84716ba0-e5bd-11ef-a81c-f96fdfcd56f7,80.15026,4.37748,,,,,,,,,2/8/25,39:20.2,2025-02-07T19:39:20.1723212-06:00,2025-02-08T01:39:20.1723212Z,,v3,,,,,100000000000.0,Right,LSU_TIG,f4413faa-fbfa-4951-ad28-6cb2d8aa1683,37.52338,-79.98656,6.83228,2.03831,9.21423,-19.6475,-0.59832,-0.71783,0.65842,,,,,,,,,,,,,,,,,,,,,,,,,,,,,,,,,,,,,,,,,,,,,,,,,,,High,High,High,,,,,,532fdc9b-849a-4830-9fe6-0f2596a8768c,,,,,,,,,,,,,,,,,,,,,,,,,,,,,,,,0.0,1.0,0.0,1.0,0.0
75,2/7/25,39:46.0,1.0,2.0,,100000000000.0,Right,LSU_TIG,,100000000000.0,Left,CEN_ARK,Undefined,4.0,Top,0.0,0.0,1.0,Dropball,,BallCalled,Undefined,Undefined,Undefined,0.0,0.0,0.055,0.025701174,65.48043,4.390941,0.792983,1339.53712,7.913123,6:15,2.08117,0.91538,5.04144,-41.55223,-10.98438,-1.64626,1.42471,1.28397,60.38823,-6.659259,0.363131,0.397927,,,,,,,,,,,,2.01606,-12.55131,-0.73919,50.0,0.86798,-1.54202,-98.13287,12.56871,1.91187,19.50963,-44.07665,LSU_TIG,CEN_ARK,LSUSoftball,D1,SEC,20250207-LSUSoftball-2,93d73930-e5bd-11ef-a81c-f96fdfcd56f7,94.72191,5.0922,,,,,,,,,2/8/25,39:46.0,2025-02-07T19:39:46.0071244-06:00,2025-02-08T01:39:46.0071244Z,,v3,,,,,100000000000.0,Right,LSU_TIG,f4413faa-fbfa-4951-ad28-6cb2d8aa1683,37.95758,-95.7088,9.75482,2.08942,7.09218,-22.03832,-0.91603,-1.30447,0.95593,,,,,,,,,,,,,,,,,,,,,,,,,,,,,,,,,,,,,,,,,,,,,,,,,,,High,High,High,,,,,,a73845a8-aca7-42a5-aada-9ad6fb6edfb7,,,,,,,,,,,,,,,,,,,,,,,,,,,,,,,,0.0,0.0,0.0,0.0,0.0
76,2/7/25,40:01.8,1.0,3.0,,100000000000.0,Right,LSU_TIG,,100000000000.0,Left,CEN_ARK,Undefined,4.0,Top,0.0,1.0,1.0,Dropball,,FoulBallNotFieldable,Undefined,Undefined,Undefined,0.0,0.0,-0.03,-0.061186665,65.46626,4.812559,-1.229729,1335.85755,3.062084,6:00,2.13016,0.68562,5.17194,-41.38463,-10.88957,-0.63004,1.74775,-0.1485,60.1285,-6.23875,-1.394679,0.397453,,,,,,,,,,,,0.21748,-13.06394,-0.94285,50.0,0.79997,2.03318,-98.15302,13.43139,0.20532,20.189,-44.50852,LSU_TIG,CEN_ARK,LSUSoftball,D1,SEC,20250207-LSUSoftball-2,9d3cc580-e5bd-11ef-a81c-f96fdfcd56f7,94.83489,5.33776,,,,,,,,,2/8/25,40:01.8,2025-02-07T19:40:01.7994060-06:00,2025-02-08T01:40:01.7994060Z,,v3,,,,,100000000000.0,Right,LSU_TIG,f4413faa-fbfa-4951-ad28-6cb2d8aa1683,37.82715,-95.61642,10.0945,2.13622,7.83923,-22.25426,-0.68577,2.05898,0.10266,,,,,,,,,,,,,,,,,,,,,,,,,,,,,,,,,,,,,,,,,,,,,,,,,,,High,High,High,,,,,,53d520ae-9df3-4801-98d0-ea5ebf248e97,,,,,,,,,,,,,,,,,,,,,,,,,,,,,,,,1.0,1.0,0.0,1.0,0.0
77,2/7/25,40:41.8,1.0,4.0,,100000000000.0,Right,LSU_TIG,,100000000000.0,Left,CEN_ARK,Undefined,4.0,Top,0.0,1.0,2.0,Riseball,,InPlay,Undefined,Popup,Out,1.0,0.0,-0.375,-0.182517813,58.00246,6.108605,-1.187247,2151.344053,172.492077,11:45,2.11746,0.64957,5.32545,-24.41808,14.54406,-1.76599,3.96383,-0.24902,52.64355,-0.620787,-1.650669,0.449255,46.67541,84.881365,114.779499,3149.665172,,,,,4.07992,,,1.44799,13.85737,-0.89316,50.0,0.58427,1.61207,-86.79827,12.22914,1.06081,16.63371,-22.02195,LSU_TIG,CEN_ARK,LSUSoftball,D1,SEC,20250207-LSUSoftball-2,b5188f40-e5bd-11ef-a81c-f96fdfcd56f7,83.89987,5.35891,,,,18.29078,,4.51682,4.2278,0.19173,2/8/25,40:41.8,2025-02-07T19:40:41.7784140-06:00,2025-02-08T01:40:41.7784140Z,,v3,,,,,100000000000.0,Right,LSU_TIG,f4413faa-fbfa-4951-ad28-6cb2d8aa1683,37.66969,-84.40226,8.31685,2.11735,9.05698,-11.01097,-0.64994,1.76487,0.5304,351.888404,4.5171,-2.57694,-1.60003,,,,,,,4.22793,68.17631,-17.10242,,,,,,,0.19219,5.51707,-2.76321,,,,,,,,,,,,,,,,,,,,,,,,,,,,,High,High,High,High,Undefined,,,,f71e5593-5257-42ad-9666-f61afaaf45b5,,,,,,,,,,,,,,,,,,,,,,,,,,,,,,,,0.0,1.0,0.0,0.0,0.0
78,2/7/25,41:14.3,2.0,1.0,,100000000000.0,Right,LSU_TIG,,100000000000.0,Left,CEN_ARK,Undefined,4.0,Top,2.0,0.0,0.0,Dropball,,StrikeSwinging,Undefined,Undefined,Undefined,0.0,0.0,-0.12,-0.042567554,65.164,5.400409,-1.763214,1342.328553,8.600818,6:15,2.05605,0.58927,5.00633,-42.40364,-11.17379,-1.83248,1.98188,-0.68941,59.57961,-5.874494,-2.240174,0.402213,,,,,,,,,,,,1.22795,-13.00024,-0.94916,50.0,0.63862,2.80917,-97.59153,14.20909,1.14221,20.43454,-44.26642,LSU_TIG,CEN_ARK,LSUSoftball,D1,SEC,20250207-LSUSoftball-2,c87cb390-e5bd-11ef-a81c-f96fdfcd56f7,93.71259,5.5844,,,,,,,,,2/8/25,41:14.3,2025-02-07T19:41:14.2920000-06:00,2025-02-08T01:41:14.2920000Z,,v3,,,,,100000000000.0,Right,LSU_TIG,f4413faa-fbfa-4951-ad28-6cb2d8aa1683,37.9919,-95.04392,10.21727,2.06607,8.69031,-22.13321,-0.59006,2.95157,0.57111,,,,,,,,,,,,,,,,,,,,,,,,,,,,,,,,,,,,,,,,,,,,,,,,,,,High,High,High,,,,,,1f5ed470-91c9-43d5-a588-5d0ab1e3a810,,,,,,,,,,,,,,,,,,,,,,,,,,,,,,,,1.0,1.0,0.0,1.0,0.0
79,2/7/25,41:30.4,2.0,2.0,,100000000000.0,Right,LSU_TIG,,100000000000.0,Left,CEN_ARK,Undefined,4.0,Top,1.0,0.0,1.0,Dropball,,StrikeCalled,Undefined,Undefined,Undefined,0.0,0.0,-0.06,-0.054340375,65.03748,4.487887,-1.907523,1385.814935,4.34201,6:15,2.09627,0.70913,4.82973,-43.92361,-12.298,-1.00701,1.32234,-0.59887,59.57324,-7.132205,-2.168723,0.404754,,,,,,,,,,,,0.29846,-13.86398,-1.09782,50.0,0.88487,3.14285,-97.54466,12.70096,0.27672,20.73472,-45.0274,LSU_TIG,CEN_ARK,LSUSoftball,D1,SEC,20250207-LSUSoftball-2,d213d730-e5bd-11ef-a81c-f96fdfcd56f7,93.12441,5.46424,,,,,,,,,2/8/25,41:30.4,2025-02-07T19:41:30.3967052-06:00,2025-02-08T01:41:30.3967052Z,,v3,,,,,100000000000.0,Right,LSU_TIG,f4413faa-fbfa-4951-ad28-6cb2d8aa1683,38.169,-94.9965,10.36736,2.10572,7.16741,-22.5137,-0.70949,3.17686,0.13836,,,,,,,,,,,,,,,,,,,,,,,,,,,,,,,,,,,,,,,,,,,,,,,,,,,High,High,High,,,,,,9ef16992-b42a-4ed5-9861-359f4baa623e,,,,,,,,,,,,,,,,,,,,,,,,,,,,,,,,0.0,0.0,0.0,1.0,0.0
80,2/7/25,41:47.5,2.0,3.0,,100000000000.0,Right,LSU_TIG,,100000000000.0,Left,CEN_ARK,Undefined,4.0,Top,1.0,0.0,2.0,Dropball,,StrikeSwinging,Strikeout,Undefined,Undefined,0.0,0.0,-0.3802,-0.170912246,65.72244,4.300177,-1.896799,1347.96234,7.579951,6:15,2.1243,0.69993,5.0105,-42.5649,-11.96414,-1.71366,1.3288,-0.65408,60.30901,-7.012634,-2.343491,0.398142,,,,,,,,,,,,1.06043,-13.53257,-1.08825,50.0,0.93489,3.0784,-98.60459,12.49023,1.00647,20.93013,-45.0179,LSU_TIG,CEN_ARK,LSUSoftball,D1,SEC,20250207-LSUSoftball-2,dc3c3e50-e5bd-11ef-a81c-f96fdfcd56f7,94.67093,5.41344,,,,,,,,,2/8/25,41:47.5,2025-02-07T19:41:47.4630000-06:00,2025-02-08T01:41:47.4630000Z,,v3,,,,,100000000000.0,Right,LSU_TIG,f4413faa-fbfa-4951-ad28-6cb2d8aa1683,37.9882,-96.02108,10.46507,2.13367,6.93345,-22.50895,-0.7006,3.20263,0.50323,,,,,,,,,,,,,,,,,,,,,,,,,,,,,50.27728,,,0.840381,,,,-0.66285,5.74925,2.23656,41.60817,4.39626,40.75335,-0.60908,55.36009,-6.0617,5.78275,10.10641,-13.96418,2.23676,46.76378,-1.10827,High,High,High,,,High,High,Medium,c6d9c238-e2f9-4474-9c25-0d25ff14ebec,,,,,,,,,,,,,,,,,,,,,,,,,,,,,,,,0.0,1.0,0.0,1.0,0.0
81,2/7/25,42:13.3,2.0,4.0,,100000000000.0,Right,LSU_TIG,,100000000000.0,Left,CEN_ARK,Undefined,4.0,Top,1.0,0.0,2.0,Dropball,,BallCalled,Undefined,Undefined,Undefined,0.0,0.0,0.055,0.021587286,66.3247,5.770975,-1.937254,1337.217423,3.708173,6:00,2.09897,0.65123,5.21911,-41.16998,-11.30512,-0.79197,2.34539,-0.64477,60.48123,-5.236684,-2.144474,0.393325,,,,,,,,,,,,0.07728,-13.40957,-1.06016,50.0,0.57858,3.27192,-99.32855,15.08436,0.07433,21.41018,-45.07316,LSU_TIG,CEN_ARK,LSUSoftball,D1,SEC,20250207-LSUSoftball-2,eba232f0-e5bd-11ef-a81c-f96fdfcd56f7,95.83021,5.84347,,,,,,,,,2/8/25,42:13.3,2025-02-07T19:42:13.2649292-06:00,2025-02-08T01:42:13.2649292Z,,v3,,,,,100000000000.0,Right,LSU_TIG,f4413faa-fbfa-4951-ad28-6cb2d8aa1683,37.77885,-96.6584,10.70509,2.10928,9.46311,-22.53658,-0.65153,3.28118,0.03717,,,,,,,,,,,,,,,,,,,,,,,,,,,,,,,,,,,,,,,,,,,,,,,,,,,High,High,High,,,,,,9914ddda-0092-4a1c-81b2-7ccc78fa7ca2,,,,,,,,,,,,,,,,,,,,,,,,,,,,,,,,1.0,0.0,0.0,1.0,0.0
82,2/7/25,42:32.0,2.0,5.0,,100000000000.0,Right,LSU_TIG,,100000000000.0,Left,CEN_ARK,Undefined,4.0,Top,1.0,1.0,2.0,Dropball,,InPlay,Undefined,GroundBall,Single,0.0,0.0,0.5888,0.539870267,65.14906,6.335071,-0.942981,1290.027169,359.153781,6:00,2.08611,0.8873,5.06129,-41.86034,-10.72052,0.17193,2.65302,0.30048,59.53041,-4.804536,-0.898179,0.401633,66.32614,-55.77523,-1.951318,,,,,2.14668,2.14668,-9.208989,0.031725,-0.53126,-13.0656,-1.0868,50.0,0.45566,1.6219,-97.38635,15.84098,-0.49407,19.79416,-44.32524,LSU_TIG,CEN_ARK,LSUSoftball,D1,SEC,20250207-LSUSoftball-2,f6c91e50-e5bd-11ef-a81c-f96fdfcd56f7,93.848,5.61865,,,,2.56253,,0.37692,2.56253,-0.28419,2/8/25,42:32.0,2025-02-07T19:42:31.9920000-06:00,2025-02-08T01:42:31.9920000Z,,v3,,,,,100000000000.0,Right,LSU_TIG,f4413faa-fbfa-4951-ad28-6cb2d8aa1683,37.93729,-94.90289,9.89708,2.09427,10.27975,-22.16262,-0.8872,1.55991,-0.24703,,0.37574,54.91243,,,,,,,,2.56426,-80.77294,,,,,,,,-0.28415,-1.87087,,,,,,,,,,,,,,,,,,,,,,,,,,,,,,High,High,High,Estimated,Estimated,,,,86ab1ad2-2883-4698-840b-b0b012992289,,,,,,,,,,,,,,,,,,,,,,,,,,,,,,,,1.0,1.0,1.0,1.0,1.0
83,2/7/25,43:18.8,3.0,1.0,,100000000000.0,Right,LSU_TIG,,100000000000.0,Left,CEN_ARK,Undefined,4.0,Top,1.0,0.0,0.0,Dropball,,BallCalled,Undefined,Undefined,Undefined,0.0,0.0,0.055,0.034661478,65.16112,4.322377,-0.77922,1352.90298,2.319382,6:00,2.08651,0.72883,5.2223,-41.09797,-10.60674,-0.46331,1.41023,0.19568,60.23852,-6.657187,-0.900781,0.397428,,,,,,,,,,,,0.21949,-12.26591,-0.89219,50.0,0.86115,1.2748,-97.65765,12.5001,0.20668,18.95938,-43.72362,LSU_TIG,CEN_ARK,LSUSoftball,D1,SEC,20250207-LSUSoftball-2,12ad29e0-e5be-11ef-a81c-f96fdfcd56f7,94.84087,4.9226,,,,,,,,,2/8/25,43:18.8,2025-02-07T19:43:18.7661132-06:00,2025-02-08T01:43:18.7661132Z,,v3,,,,,100000000000.0,Right,LSU_TIG,f4413faa-fbfa-4951-ad28-6cb2d8aa1683,37.77686,-95.25508,9.47969,2.09412,6.95935,-21.86181,-0.72899,1.30099,0.10334,,,,,,,,,,,,,,,,,,,,,,,,,,,,,,,,,,,,,,,,,,,,,,,,,,,High,High,High,,,,,,ff0e4769-125f-45ca-9bea-8d106b63ca44,,,,,,,,,,,,,,,,,,,,,,,,,,,,,,,,0.0,0.0,0.0,1.0,0.0
84,2/7/25,43:36.0,3.0,2.0,,100000000000.0,Right,LSU_TIG,,100000000000.0,Left,CEN_ARK,Undefined,4.0,Top,1.0,1.0,0.0,Riseball,,InPlay,Undefined,GroundBall,Single,0.0,0.0,0.5888,0.437409112,58.01556,5.444853,-0.397914,2194.751611,186.2745,12:15,2.08112,0.76036,5.28747,-23.37486,15.5128,1.58039,3.59295,0.63998,52.75458,-1.006067,0.016758,0.448825,,,,,,,,,,,,-1.85106,15.15485,-0.85572,50.0,0.7037,0.7663,-86.86058,11.1057,-1.36165,16.37281,-21.02615,LSU_TIG,CEN_ARK,LSUSoftball,D1,SEC,20250207-LSUSoftball-2,1ceebe50-e5be-11ef-a81c-f96fdfcd56f7,83.9802,5.26098,,,,,,,,,2/8/25,43:36.0,2025-02-07T19:43:35.9744844-06:00,2025-02-08T01:43:35.9744844Z,,v3,,,,,100000000000.0,Right,LSU_TIG,f4413faa-fbfa-4951-ad28-6cb2d8aa1683,37.70643,-84.51154,8.1864,2.08065,8.08903,-10.51307,-0.75979,0.57094,-0.68083,,,,,,,,,,,,,,,,,,,,,,,,,,,,,,,,,,,,,,,,,,,,,,,,,,,High,High,High,,,,,,43a4edb5-ef00-4b1e-90c1-11b1256b06e7,,,,,,,,,,,,,,,,,,,,,,,,,,,,,,,,0.0,1.0,1.0,1.0,0.0
85,2/7/25,44:47.5,4.0,1.0,,100000000000.0,Right,LSU_TIG,,100000000000.0,Right,CEN_ARK,Undefined,4.0,Top,1.0,0.0,0.0,Dropball,,StrikeCalled,Undefined,Undefined,Undefined,0.0,0.0,-0.06,-0.038869499,67.20161,5.733794,-2.28748,1262.785105,1.414271,6:00,2.10155,0.56235,5.16681,-39.09447,-10.16445,-0.27087,2.50316,-0.9149,61.7753,-4.685648,-2.358212,0.38712,,,,,,,,,,,,-0.51783,-12.05225,-1.04682,50.0,0.60446,3.97913,-100.3869,14.9849,-0.51539,19.9841,-44.16966,LSU_TIG,CEN_ARK,LSUSoftball,D1,SEC,20250207-LSUSoftball-2,478e74c0-e5be-11ef-a81c-f96fdfcd56f7,97.36629,5.42632,,,,,,,,,2/8/25,44:47.5,2025-02-07T19:44:47.5023180-06:00,2025-02-08T01:44:47.5023180Z,,v3,,,,,100000000000.0,Right,LSU_TIG,f4413faa-fbfa-4951-ad28-6cb2d8aa1683,37.83157,-97.93457,9.99205,2.11074,9.56465,-22.08483,-0.5624,3.91588,-0.2577,,,,,,,,,,,,,,,,,,,,,,,,,,,,,,,,,,,,,,,,,,,,,,,,,,,High,High,High,,,,,,f5bc727c-08ac-4b3e-bb33-5c698952f05b,,,,,,,,,,,,,,,,,,,,,,,,,,,,,,,,0.0,0.0,0.0,1.0,0.0
86,2/7/25,45:03.4,4.0,2.0,,100000000000.0,Right,LSU_TIG,,100000000000.0,Right,CEN_ARK,Undefined,4.0,Top,1.0,0.0,1.0,Dropball,,BallCalled,Undefined,Undefined,Undefined,0.0,0.0,0.055,0.025701174,65.66285,5.17752,-2.152895,1337.547901,12.861741,6:30,2.07055,0.67865,5.08141,-41.88983,-11.19465,-2.77173,1.88958,-0.92454,59.94547,-5.986511,-2.875592,0.398755,,,,,,,,,,,,2.03843,-13.00371,-1.11806,50.0,0.69421,3.40152,-98.42223,13.90696,1.92173,21.27149,-44.43343,LSU_TIG,CEN_ARK,LSUSoftball,D1,SEC,20250207-LSUSoftball-2,510c1cf0-e5be-11ef-a81c-f96fdfcd56f7,94.52526,5.71738,,,,,,,,,2/8/25,45:03.4,2025-02-07T19:45:03.4324300-06:00,2025-02-08T01:45:03.4324300Z,,v3,,,,,100000000000.0,Right,LSU_TIG,f4413faa-fbfa-4951-ad28-6cb2d8aa1683,37.91653,-95.77509,10.63575,2.08081,8.37743,-22.21671,-0.67988,3.64067,0.96087,,,,,,,,,,,,,,,,,,,,,,,,,,,,,,,,,,,,,,,,,,,,,,,,,,,High,High,High,,,,,,df135ebd-b43b-42f0-a5d3-7828a01ed670,,,,,,,,,,,,,,,,,,,,,,,,,,,,,,,,0.0,0.0,0.0,1.0,0.0
87,2/7/25,45:20.7,4.0,3.0,,100000000000.0,Right,LSU_TIG,,100000000000.0,Right,CEN_ARK,Undefined,4.0,Top,1.0,1.0,1.0,Changeup,,BallCalled,Undefined,Undefined,Undefined,0.0,0.0,0.055,0.04675563,56.05217,6.083543,-1.682021,929.614772,7.313925,6:15,2.00801,0.51596,5.62175,-50.06924,-9.23823,-1.34098,1.66999,-0.65181,51.42177,-7.465666,-2.036856,0.459903,,,,,,,,,,,,0.79634,-11.38552,-0.87813,50.0,0.26698,2.33091,-83.97754,14.53917,0.54845,15.13529,-40.0155,LSU_TIG,CEN_ARK,LSUSoftball,D1,SEC,20250207-LSUSoftball-2,5b641f90-e5be-11ef-a81c-f96fdfcd56f7,81.95733,4.6304,,,,,,,,,2/8/25,45:20.7,2025-02-07T19:45:20.6914380-06:00,2025-02-08T01:45:20.6914380Z,,v3,,,,,100000000000.0,Right,LSU_TIG,f4413faa-fbfa-4951-ad28-6cb2d8aa1683,37.37698,-81.67081,7.56764,2.01812,8.44051,-20.00775,-0.51652,2.41449,0.27423,,,,,,,,,,,,,,,,,,,,,,,,,,,,,,,,,,,,,,,,,,,,,,,,,,,High,High,High,,,,,,5fe945f5-ac56-48a4-be64-810e033ff860,,,,,,,,,,,,,,,,,,,,,,,,,,,,,,,,1.0,0.0,0.0,1.0,0.0
88,2/7/25,45:38.1,4.0,4.0,,100000000000.0,Right,LSU_TIG,,100000000000.0,Right,CEN_ARK,Undefined,4.0,Top,1.0,2.0,1.0,Dropball,,StrikeCalled,Undefined,Undefined,Undefined,0.0,0.0,-0.06,-0.067444373,67.19063,6.057579,-2.2295,1280.939532,4.006387,6:15,2.07991,0.64938,5.09065,-39.25644,-10.25414,-0.77284,2.68412,-0.83576,61.8972,-4.372523,-2.430816,0.387603,,,,,,,,,,,,0.05744,-12.18587,-1.11572,50.0,0.5224,3.81421,-100.22695,15.53652,0.05727,19.24938,-44.31929,LSU_TIG,CEN_ARK,LSUSoftball,D1,SEC,20250207-LSUSoftball-2,65b71920-e5be-11ef-a81c-f96fdfcd56f7,97.24484,5.29342,,,,,,,,,2/8/25,45:38.1,2025-02-07T19:45:38.0724556-06:00,2025-02-08T01:45:38.0724556Z,,v3,,,,,100000000000.0,Right,LSU_TIG,f4413faa-fbfa-4951-ad28-6cb2d8aa1683,37.90811,-97.87706,9.62469,2.0888,10.12619,-22.15965,-0.64967,3.8212,0.02864,,,,,,,,,,,,,,,,,,,,,,,,,,,,,,,,,,,,,,,,,,,,,,,,,,,High,High,High,,,,,,35367504-8bfe-46e9-ad08-bb87efbed43b,,,,,,,,,,,,,,,,,,,,,,,,,,,,,,,,0.0,0.0,0.0,1.0,0.0
89,2/7/25,45:56.2,4.0,5.0,,100000000000.0,Right,LSU_TIG,,100000000000.0,Right,CEN_ARK,Undefined,4.0,Top,1.0,2.0,2.0,Dropball,,FoulBallNotFieldable,Undefined,Undefined,Undefined,0.0,0.0,-0.03,0.0,65.83865,4.469891,-1.656976,1344.269459,5.804978,6:15,2.08831,0.5939,5.15134,-39.66542,-9.56091,-1.05866,1.63206,-0.54822,60.63082,-6.116963,-1.933927,0.3949,,,,,,,,,,,,0.52449,-11.26201,-0.93894,50.0,0.85076,2.7318,-98.65495,12.65504,0.5021,19.87959,-42.9556,LSU_TIG,CEN_ARK,LSUSoftball,D1,SEC,20250207-LSUSoftball-2,707c0e60-e5be-11ef-a81c-f96fdfcd56f7,95.44802,5.20784,,,,,,,,,2/8/25,45:56.2,2025-02-07T19:45:56.2090000-06:00,2025-02-08T01:45:56.2090000Z,,v3,,,,,100000000000.0,Right,LSU_TIG,f4413faa-fbfa-4951-ad28-6cb2d8aa1683,37.84723,-96.17492,9.93979,2.09525,7.29621,-21.4778,-0.59423,2.79444,0.25105,,,,,,,,,,,,,,,,,,,,,,,,,,,,,,,,,,,,,,,,,,,,,,,,,,,High,High,High,,,,,,ddc473e7-5a80-4a77-818e-205ab90310d5,,,,,,,,,,,,,,,,,,,,,,,,,,,,,,,,1.0,1.0,0.0,1.0,0.0
90,2/7/25,46:20.7,4.0,6.0,,100000000000.0,Right,LSU_TIG,,100000000000.0,Right,CEN_ARK,Undefined,4.0,Top,1.0,2.0,2.0,Changeup,,BallCalled,Undefined,Undefined,Undefined,0.0,0.0,0.055,0.090884359,56.79952,8.79048,-2.12978,1004.543967,12.7827,6:30,1.97954,0.51119,5.54097,-50.05282,-9.46595,-2.43524,3.38588,-1.03212,51.38255,-4.698584,-2.769685,0.458526,,,,,,,,,,,,1.73457,-12.51485,-0.96378,50.0,-0.338,2.91017,-84.57715,18.56304,1.20717,15.74242,-40.88369,LSU_TIG,CEN_ARK,LSUSoftball,D1,SEC,20250207-LSUSoftball-2,7f2ac0f0-e5be-11ef-a81c-f96fdfcd56f7,82.20346,5.41697,,,,,,,,,2/8/25,46:20.7,2025-02-07T19:46:20.7160000-06:00,2025-02-08T01:46:20.7160000Z,,v3,,,,,100000000000.0,Right,LSU_TIG,f4413faa-fbfa-4951-ad28-6cb2d8aa1683,37.45695,-82.20936,7.87121,1.99159,12.41379,-20.44185,-0.51241,3.09174,0.60358,,,,,,,,,,,,,,,,,,,,,,,,,,,,,,,,,,,,,,,,,,,,,,,,,,,High,High,High,,,,,,8a58eb36-06d3-4f82-82bb-f7a4f5426fb8,,,,,,,,,,,,,,,,,,,,,,,,,,,,,,,,0.0,0.0,0.0,0.0,0.0
91,2/7/25,46:39.5,4.0,7.0,,100000000000.0,Right,LSU_TIG,,100000000000.0,Right,CEN_ARK,Undefined,4.0,Top,1.0,3.0,2.0,Dropball,,InPlay,Undefined,GroundBall,FieldersChoice,1.0,0.0,-0.375,-0.307337587,66.47872,4.0621,-0.994452,1387.075705,8.313212,6:15,2.03213,0.64736,5.28997,-38.81892,-9.50752,-1.51244,1.37503,-0.10867,61.16634,-6.345148,-1.391989,0.389664,64.90252,-12.272196,7.569587,,,,,6.04319,6.04319,8.082713,0.057282,1.25252,-11.21473,-0.85103,50.0,0.86874,1.55174,-99.77795,12.06475,1.22268,20.79104,-43.12153,LSU_TIG,CEN_ARK,LSUSoftball,D1,SEC,20250207-LSUSoftball-2,8a4a5950-e5be-11ef-a81c-f96fdfcd56f7,96.73073,5.31238,,,,1.16115,,0.6917,1.16115,0.14652,2/8/25,46:39.5,2025-02-07T19:46:39.4820000-06:00,2025-02-08T01:46:39.4820000Z,,v3,,,,,100000000000.0,Right,LSU_TIG,f4413faa-fbfa-4951-ad28-6cb2d8aa1683,37.7085,-97.18299,10.39552,2.03869,6.68269,-21.56077,-0.64783,1.70434,0.61134,180.0,0.69012,92.37511,,,,,,,,1.1615,-20.27073,,,,,,,,0.14631,12.27557,,,,,,,,,,,,,,,,,,,,,,,,,,,,,,High,High,High,High,High,,,,ad596a8d-4bea-49a3-aef1-5e327320841a,,,,,,,,,,,,,,,,,,,,,,,,,,,,,,,,0.0,1.0,0.0,1.0,0.0
92,2/7/25,48:52.7,1.0,1.0,,100000000000.0,Right,CEN_ARK,,100000000000.0,Left,LSU_TIG,Undefined,4.0,Bottom,0.0,0.0,0.0,Curveball,,BallCalled,Undefined,Undefined,Undefined,0.0,0.0,0.055,0.034661478,65.15075,3.170413,0.283526,1099.148022,65.516029,8:15,1.72718,0.62852,5.11678,-32.45191,-1.79992,-5.81532,1.0428,0.32436,60.15299,-5.53005,-1.238312,0.398475,,,,,,,,,,,,6.26941,-2.48327,-0.53313,50.0,0.81353,-1.14672,-97.68617,9.47682,5.904,19.035,-34.51259,LSU_TIG,CEN_ARK,LSUSoftball,D1,SEC,20250207-LSUSoftball-2,d9b74bb0-e5be-11ef-a81c-f96fdfcd56f7,94.5918,4.99776,,,,,,,,,2/8/25,48:52.7,2025-02-07T19:48:52.7090000-06:00,2025-02-08T01:48:52.7090000Z,,v3,,,,,100000000000.0,Right,CEN_ARK,f4413faa-fbfa-4951-ad28-6cb2d8aa1683,37.87996,-95.29522,9.5175,1.73164,5.14175,-17.2563,-0.63059,-0.40513,2.952,,,,,,,,,,,,,,,,,,,,,,,,,,,,,,,,,,,,,,,,,,,,,,,,,,,High,High,High,,,,,,0d8f41a2-b527-46f7-a797-864d38fb0b58,,,,,,,,,,,,,,,,,,,,,,,,,,,,,,,,0.0,0.0,0.0,0.0,0.0
93,2/7/25,49:12.8,1.0,2.0,,100000000000.0,Right,CEN_ARK,,100000000000.0,Left,LSU_TIG,Undefined,4.0,Bottom,0.0,1.0,0.0,Screwball,,FoulBallNotFieldable,Undefined,Undefined,Undefined,0.0,0.0,-0.03,-0.049712949,63.82466,4.971812,0.709898,2717.330384,200.658915,12:45,1.69208,0.5355,5.29061,-29.55876,2.25957,0.51724,2.38632,1.02829,58.56379,-3.023539,0.845645,0.405985,56.01304,48.211619,-40.802392,,68.75668,38.17956,-85.86335,143.15623,68.51691,-53.094648,3.487978,-0.30681,1.03484,-0.38677,50.0,0.38247,-1.12273,-95.55512,12.10311,-0.27573,18.56818,-31.24404,LSU_TIG,CEN_ARK,LSUSoftball,D1,SEC,20250207-LSUSoftball-2,e5a4e270-e5be-11ef-a81c-f96fdfcd56f7,92.84194,5.26088,,,,50.9273,,2.63821,2.57211,-1.00496,2/8/25,49:12.8,2025-02-07T19:49:12.8150000-06:00,2025-02-08T01:49:12.8150000Z,,v3,,,,,100000000000.0,Right,CEN_ARK,f4413faa-fbfa-4951-ad28-6cb2d8aa1683,37.70645,-93.13562,9.28409,1.69431,8.0319,-15.62202,-0.53541,-1.15866,-0.13786,143.845492,2.6382,41.44204,-11.95604,3.80713,-1.00373,0.29499,-0.08584,0.01616,-0.00128,2.57288,61.22765,-21.48611,1.30765,0.27204,-0.30132,0.10636,-0.0177,0.00113,-1.00477,-35.77968,1.51725,-0.2984,0.12672,-0.0764,0.02766,-0.00495,0.00034,,,,,,,,,,,,,,,,,,,,,,,High,High,High,High,Low,,,,40cb057d-cf4b-45ec-bf0c-9e040d6be4fe,,,,,,,,,,,,,,,,,,,,,,,,,,,,,,,,0.0,1.0,0.0,0.0,0.0
94,2/7/25,49:44.4,1.0,3.0,,100000000000.0,Right,CEN_ARK,,100000000000.0,Left,LSU_TIG,Undefined,4.0,Bottom,0.0,1.0,1.0,Screwball,,BallCalled,Undefined,Undefined,Undefined,0.0,0.0,0.055,0.04675563,65.43602,8.177042,-0.951831,1450.02146,135.442781,10:30,1.68797,0.57067,5.30765,-28.28769,2.2052,-1.38406,4.54398,-0.14736,59.86778,0.574376,-1.314294,0.397439,,,,,,,,,,,,1.14984,0.19295,-0.76681,50.0,-0.30768,1.45571,-97.12622,17.63814,1.07727,17.93752,-31.99329,LSU_TIG,CEN_ARK,LSUSoftball,D1,SEC,20250207-LSUSoftball-2,f87f1640-e5be-11ef-a81c-f96fdfcd56f7,94.83825,5.56824,,,,,,,,,2/8/25,49:44.4,2025-02-07T19:49:44.3770700-06:00,2025-02-08T01:49:44.3770700Z,,v3,,,,,100000000000.0,Right,CEN_ARK,f4413faa-fbfa-4951-ad28-6cb2d8aa1683,37.68733,-94.82503,8.96876,1.69183,13.53373,-15.99664,-0.57119,1.59391,0.53864,,,,,,,,,,,,,,,,,,,,,,,,,,,,,,,,,,,,,,,,,,,,,,,,,,,High,High,High,,,,,,9e9c20fe-3268-4eb9-b1e1-d1d6d15e4336,,,,,,,,,,,,,,,,,,,,,,,,,,,,,,,,0.0,0.0,0.0,0.0,0.0
95,2/7/25,50:03.1,1.0,4.0,,100000000000.0,Right,CEN_ARK,,100000000000.0,Left,LSU_TIG,Undefined,4.0,Bottom,0.0,2.0,1.0,Dropball,,StrikeCalled,Undefined,Undefined,Undefined,0.0,0.0,-0.06,-0.067444373,67.01633,4.483794,-0.450876,1199.036914,32.131067,7:00,1.69032,0.44164,4.98366,-34.77246,-5.67193,-4.03811,1.66276,-0.18289,62.04706,-4.764534,-1.502707,0.388259,,,,,,,,,,,,4.10555,-6.94638,-0.51197,50.0,0.50175,0.32134,-100.18783,12.23502,4.10031,18.81483,-39.11154,LSU_TIG,CEN_ARK,LSUSoftball,D1,SEC,20250207-LSUSoftball-2,03a2f460-e5bf-11ef-a81c-f96fdfcd56f7,97.08061,4.96927,,,,,,,,,2/8/25,50:03.1,2025-02-07T19:50:03.0560000-06:00,2025-02-08T01:50:03.0560000Z,,v3,,,,,100000000000.0,Right,CEN_ARK,f4413faa-fbfa-4951-ad28-6cb2d8aa1683,38.01423,-97.91109,9.40741,1.69593,7.50221,-19.55577,-0.44306,0.81751,2.05015,,,,,,,,,,,,,,,,,,,,,,,,,,,,,,,,,,,,,,,,,,,,,,,,,,,High,High,High,,,,,,340df8d4-995c-4539-88d6-a0223ad66599,,,,,,,,,,,,,,,,,,,,,,,,,,,,,,,,1.0,0.0,0.0,1.0,0.0
96,2/7/25,50:25.5,1.0,5.0,,100000000000.0,Right,CEN_ARK,,100000000000.0,Left,LSU_TIG,Undefined,4.0,Bottom,0.0,2.0,2.0,Dropball,,FoulBallNotFieldable,Undefined,Undefined,Undefined,0.0,0.0,-0.03,0.0,67.86759,4.816544,0.235456,1325.963835,11.914373,6:30,1.68142,0.45916,5.14394,-35.84589,-7.59284,-1.76484,1.76481,0.46183,62.55062,-4.755605,-0.226185,0.382564,,,,,,,,,,,,1.98315,-9.50796,-0.39758,50.0,0.38798,-0.63504,-101.58957,13.25844,2.02315,20.33694,-41.87373,LSU_TIG,CEN_ARK,LSUSoftball,D1,SEC,20250207-LSUSoftball-2,10f85880-e5bf-11ef-a81c-f96fdfcd56f7,98.52584,5.31697,,,,,,,,,2/8/25,50:25.5,2025-02-07T19:50:25.5124300-06:00,2025-02-08T01:50:25.5124300Z,,v3,,,,,100000000000.0,Right,CEN_ARK,f4413faa-fbfa-4951-ad28-6cb2d8aa1683,37.85472,-99.12843,10.16847,1.68586,8.19095,-20.93687,-0.45962,-0.3902,1.01157,,,,,,,,,,,,,,,,,,,,,,,,,,,,,,,,,,,,,,,,,,,,,,,,,,,High,High,High,,,,,,caf5c01b-330d-4720-9233-2bfe0b0df21a,,,,,,,,,,,,,,,,,,,,,,,,,,,,,,,,1.0,1.0,0.0,1.0,0.0
97,2/7/25,50:52.8,1.0,6.0,,100000000000.0,Right,CEN_ARK,,100000000000.0,Left,LSU_TIG,Undefined,4.0,Bottom,0.0,2.0,2.0,Changeup,,InPlay,Undefined,LineDrive,Single,0.0,0.0,0.5888,0.506305017,51.03804,6.839962,1.442665,1067.695129,37.167873,7:15,1.66654,0.47585,5.70344,-55.24664,-6.0941,-5.72748,1.36784,0.90219,46.82544,-8.162588,-0.075577,0.504597,63.43506,18.172878,-16.394253,1287.505642,101.71272,12.98216,-41.88645,150.75822,148.38393,-24.728765,2.057219,6.86213,-8.63792,-0.1149,50.0,-0.32676,-2.47995,-76.37293,14.98462,3.90846,12.52798,-37.09394,LSU_TIG,CEN_ARK,LSUSoftball,D1,SEC,20250207-LSUSoftball-2,214c0880-e5bf-11ef-a81c-f96fdfcd56f7,74.69815,4.21261,,,,15.55218,,3.08936,1.72196,-0.91041,2/8/25,50:52.8,2025-02-07T19:50:52.7691084-06:00,2025-02-08T01:50:52.7691084Z,,v3,,,,,100000000000.0,Right,CEN_ARK,f4413faa-fbfa-4951-ad28-6cb2d8aa1683,37.2954,-74.25967,6.26399,1.67316,8.7275,-18.54697,-0.47762,-1.82066,1.95423,119.514249,3.08936,84.80317,-13.24985,2.52983,-0.48319,0.07024,-0.00825,0.00087,-3e-05,1.72196,29.01716,-15.88951,0.73257,-0.04305,0.00125,0.00307,-0.00031,-3e-05,-0.91041,-24.9497,-4.46267,1.54359,-0.43915,0.09583,-0.01821,0.00248,-0.00016,,,,,,,,,,,,,,,,,,,,,,,High,High,High,High,High,,,,2828cf27-83ab-496e-ab9c-723d85a0ee0f,,,,,,,,,,,,,,,,,,,,,,,,,,,,,,,,0.0,1.0,1.0,1.0,0.0
98,2/7/25,51:29.0,2.0,1.0,,100000000000.0,Right,CEN_ARK,,100000000000.0,Right,LSU_TIG,Undefined,4.0,Bottom,0.0,0.0,0.0,Fastball,,HitByPitch,Undefined,Undefined,Undefined,0.0,0.0,0.418,0.354146497,66.86913,6.84164,2.995127,1370.506611,29.525228,7:00,1.77507,0.50009,5.72702,-32.53136,-4.36036,-2.85925,3.37207,2.13793,61.84904,-1.949414,2.238458,0.382008,,,,,,,,,,,,4.13327,-6.76008,0.18891,50.0,-0.04592,-5.5927,-99.45889,16.60487,4.09692,17.50841,-38.87468,LSU_TIG,CEN_ARK,LSUSoftball,D1,SEC,20250207-LSUSoftball-2,36d11100-e5bf-11ef-a81c-f96fdfcd56f7,98.66922,5.02009,,,,,,,,,2/8/25,51:29.0,2025-02-07T19:51:28.9928524-06:00,2025-02-08T01:51:28.9928524Z,,v3,,,,,100000000000.0,Right,CEN_ARK,f4413faa-fbfa-4951-ad28-6cb2d8aa1683,37.27192,-97.19245,8.7542,1.77784,11.57261,-19.43734,-0.50073,-5.06236,2.04846,,,,,,,,,,,,,,,,,,,,,,,,,,,,,,,,,,,,,,,,,,,,,,,,,,,High,High,High,,,,,,1757f517-f23d-4871-8732-24461dd0495d,,,,,,,,,,,,,,,,,,,,,,,,,,,,,,,,0.0,0.0,0.0,0.0,0.0
99,2/7/25,52:05.2,3.0,1.0,,100000000000.0,Right,CEN_ARK,,100000000000.0,Left,LSU_TIG,Undefined,4.0,Bottom,0.0,0.0,0.0,Screwball,,BallCalled,Undefined,Undefined,Undefined,0.0,0.0,0.055,0.034661478,65.03304,7.620086,-1.08728,1510.288836,99.172457,9:15,1.74752,0.47986,5.4113,-29.58887,1.24051,-2.23362,4.12197,-0.39279,59.17031,-0.378192,-1.674002,0.399626,26.86849,0.78809,167.287928,2705.060724,,,,19.78986,14.6687,167.770986,0.481863,1.97528,-0.8098,-0.7021,50.0,-0.15004,1.5857,-96.84947,16.7833,1.82108,19.25831,-32.92063,LSU_TIG,CEN_ARK,LSUSoftball,D1,SEC,20250207-LSUSoftball-2,4c69a180-e5bf-11ef-a81c-f96fdfcd56f7,94.31923,5.86273,,,,3.67091,,-1.2065,3.66665,0.37736,2/8/25,52:05.1,2025-02-07T19:52:05.1525964-06:00,2025-02-08T01:52:05.1525964Z,,v3,,,,,100000000000.0,Right,CEN_ARK,f4413faa-fbfa-4951-ad28-6cb2d8aa1683,37.58317,-94.34811,9.62915,1.75217,12.50741,-16.46032,-0.48078,1.82223,0.91054,311.779977,-1.20498,-38.47769,1.73788,,,,,,,3.66945,0.46507,-16.78056,,,,,,,0.3773,8.67131,-1.56611,,,,,,,,,,,,,,,,,,,,,,,,,,,,,High,High,High,Low,High,,,,6257d21d-3a19-4024-850f-c005419b292d,,,,,,,,,,,,,,,,,,,,,,,,,,,,,,,,0.0,0.0,0.0,0.0,0.0
100,2/7/25,52:31.4,3.0,2.0,,100000000000.0,Right,CEN_ARK,,100000000000.0,Left,LSU_TIG,Undefined,4.0,Bottom,0.0,1.0,0.0,Curveball,,BallCalled,Undefined,Undefined,Undefined,0.0,0.0,0.055,0.059995278,68.00609,6.815297,-0.577879,2478.875461,25.430027,6:45,1.77182,0.57413,5.09119,-38.06927,-9.66276,-4.96748,2.96094,-0.2079,62.3901,-3.303723,-1.872422,0.383602,,,,,,,,,,,,5.02268,-11.96635,-0.66745,50.0,0.05888,0.44794,-101.40428,16.9342,5.11109,20.0919,-44.351,LSU_TIG,CEN_ARK,LSUSoftball,D1,SEC,20250207-LSUSoftball-2,5c060f70-e5bf-11ef-a81c-f96fdfcd56f7,98.25936,5.61599,,,,,,,,,2/8/25,52:31.4,2025-02-07T19:52:31.3840000-06:00,2025-02-08T01:52:31.3840000Z,,v3,,,,,100000000000.0,Right,CEN_ARK,f4413faa-fbfa-4951-ad28-6cb2d8aa1683,37.90738,-98.97929,10.04595,1.77971,11.58127,-22.1755,-0.57616,1.06482,2.55554,,,,,,,,,,,,,,,,,,,,,,,,,,,,,,,,,,,,,,,,,,,,,,,,,,,High,High,High,,,,,,3e25a3d8-474f-42b3-b672-d2f3e002be7f,,,,,,,,,,,,,,,,,,,,,,,,,,,,,,,,1.0,0.0,0.0,1.0,1.0
